Series Name,Series Code,Country Name,Country Code,2020 [YR2020]
Adjusted net national income (constant 2015 US$),NY.ADJ.NNTY.KD,Afghanistan,AFG,..
Adjusted net national income (constant 2015 US$),NY.ADJ.NNTY.KD,Albania,ALB,..
Adjusted net national income (constant 2015 US$),NY.ADJ.NNTY.KD,Algeria,DZA,139381719321.019
Adjusted net national income (constant 2015 US$),NY.ADJ.NNTY.KD,American Samoa,ASM,..
Adjusted net national income (constant 2015 US$),NY.ADJ.NNTY.KD,Andorra,AND,..
Adjusted net national income (constant 2015 US$),NY.ADJ.NNTY.KD,Angola,AGO,67983511083.0109
Adjusted net national income (constant 2015 US$),NY.ADJ.NNTY.KD,Antigua and Barbuda,ATG,..
Adjusted net national income (constant 2015 US$),NY.ADJ.NNTY.KD,Argentina,ARG,438313354195.705
Adjusted net national income (constant 2015 US$),NY.ADJ.NNTY.KD,Armenia,ARM,10285189143.6338
Adjusted net national income (constant 2015 US$),NY.ADJ.NNTY.KD,Aruba,ABW,..
Adjusted net national income (constant 2015 US$),NY.ADJ.NNTY.KD,Australia,AUS,..
Adjusted net national income (constant 2015 US$),NY.ADJ.NNTY.KD,Austria,AUT,306778001442.52
Adjusted net national income (constant 2015 US$),NY.ADJ.NNTY.KD,Azerbaijan,AZE,..
Adjusted net national income (constant 2015 US$),NY.ADJ.NNTY.KD,"Bahamas, The",BHS,8565109001.81837
Adjusted net national income (constant 2015 US$),NY.ADJ.NNTY.KD,Bahrain,BHR,24143510592.9468
Adjusted net national income (constant 2015 US$),NY.ADJ.NNTY.KD,Bangladesh,BGD,241419106000.911
Adjusted net national income (constant 2015 US$),NY.ADJ.NNTY.KD,Barbados,BRB,..
Adjusted net national income (constant 2015 US$),NY.ADJ.NNTY.KD,Belarus,BLR,45804220098.0364
Adjusted net national income (constant 2015 US$),NY.ADJ.NNTY.KD,Belgium,BEL,379037516163.943
Adjusted net national income (constant 2015 US$),NY.ADJ.NNTY.KD,Belize,BLZ,1248873909.19602
Adjusted net national income (constant 2015 US$),NY.ADJ.NNTY.KD,Benin,BEN,12987245573.0423
Adjusted net national income (constant 2015 US$),NY.ADJ.NNTY.KD,Bermuda,BMU,..
Adjusted net national income (constant 2015 US$),NY.ADJ.NNTY.KD,Bhutan,BTN,1844165990.24252
Adjusted net national income (constant 2015 US$),NY.ADJ.NNTY.KD,Bolivia,BOL,30156903824.5613
Adjusted net national income (constant 2015 US$),NY.ADJ.NNTY.KD,Bosnia and Herzegovina,BIH,15356454034.5488
Adjusted net national income (constant 2015 US$),NY.ADJ.NNTY.KD,Botswana,BWA,11520242159.7918
Adjusted net national income (constant 2015 US$),NY.ADJ.NNTY.KD,Brazil,BRA,1492728861895.38
Adjusted net national income (constant 2015 US$),NY.ADJ.NNTY.KD,British Virgin Islands,VGB,..
Adjusted net national income (constant 2015 US$),NY.ADJ.NNTY.KD,Brunei Darussalam,BRN,9889493082.64306
Adjusted net national income (constant 2015 US$),NY.ADJ.NNTY.KD,Bulgaria,BGR,49373129953.5647
Adjusted net national income (constant 2015 US$),NY.ADJ.NNTY.KD,Burkina Faso,BFA,..
Adjusted net national income (constant 2015 US$),NY.ADJ.NNTY.KD,Burundi,BDI,2564547437.78051
Adjusted net national income (constant 2015 US$),NY.ADJ.NNTY.KD,Cabo Verde,CPV,1371277065.54025
Adjusted net national income (constant 2015 US$),NY.ADJ.NNTY.KD,Cambodia,KHM,20815072609.5435
Adjusted net national income (constant 2015 US$),NY.ADJ.NNTY.KD,Cameroon,CMR,32840155727.0419
Adjusted net national income (constant 2015 US$),NY.ADJ.NNTY.KD,Canada,CAN,1296457211624.11
Adjusted net national income (constant 2015 US$),NY.ADJ.NNTY.KD,Cayman Islands,CYM,..
Adjusted net national income (constant 2015 US$),NY.ADJ.NNTY.KD,Central African Republic,CAF,1871911044.03989
Adjusted net national income (constant 2015 US$),NY.ADJ.NNTY.KD,Chad,TCD,6312387238.97424
Adjusted net national income (constant 2015 US$),NY.ADJ.NNTY.KD,Channel Islands,CHI,..
Adjusted net national income (constant 2015 US$),NY.ADJ.NNTY.KD,Chile,CHL,201770771087.506
Adjusted net national income (constant 2015 US$),NY.ADJ.NNTY.KD,China,CHN,10496747176130.2
Adjusted net national income (constant 2015 US$),NY.ADJ.NNTY.KD,Colombia,COL,251928163998.468
Adjusted net national income (constant 2015 US$),NY.ADJ.NNTY.KD,Comoros,COM,963827115.74995
Adjusted net national income (constant 2015 US$),NY.ADJ.NNTY.KD,"Congo, Dem. Rep.",COD,40068535151.6199
Adjusted net national income (constant 2015 US$),NY.ADJ.NNTY.KD,"Congo, Rep.",COG,2915762076.33255
Adjusted net national income (constant 2015 US$),NY.ADJ.NNTY.KD,Costa Rica,CRI,54561008506.1164
Adjusted net national income (constant 2015 US$),NY.ADJ.NNTY.KD,Cote d'Ivoire,CIV,60136807663.6495
Adjusted net national income (constant 2015 US$),NY.ADJ.NNTY.KD,Croatia,HRV,45118456721.6244
Adjusted net national income (constant 2015 US$),NY.ADJ.NNTY.KD,Cuba,CUB,..
Adjusted net national income (constant 2015 US$),NY.ADJ.NNTY.KD,Curacao,CUW,..
Adjusted net national income (constant 2015 US$),NY.ADJ.NNTY.KD,Cyprus,CYP,19072549169.4889
Adjusted net national income (constant 2015 US$),NY.ADJ.NNTY.KD,Czechia,CZE,152797815998.779
Adjusted net national income (constant 2015 US$),NY.ADJ.NNTY.KD,Denmark,DNK,283054791270.438
Adjusted net national income (constant 2015 US$),NY.ADJ.NNTY.KD,Djibouti,DJI,2833864151.61022
Adjusted net national income (constant 2015 US$),NY.ADJ.NNTY.KD,Dominica,DMA,..
Adjusted net national income (constant 2015 US$),NY.ADJ.NNTY.KD,Dominican Republic,DOM,70004578441.9015
Adjusted net national income (constant 2015 US$),NY.ADJ.NNTY.KD,Ecuador,ECU,71264838586.5803
Adjusted net national income (constant 2015 US$),NY.ADJ.NNTY.KD,"Egypt, Arab Rep.",EGY,355309314173.231
Adjusted net national income (constant 2015 US$),NY.ADJ.NNTY.KD,El Salvador,SLV,19038502792.5372
Adjusted net national income (constant 2015 US$),NY.ADJ.NNTY.KD,Equatorial Guinea,GNQ,3906733743.90279
Adjusted net national income (constant 2015 US$),NY.ADJ.NNTY.KD,Eritrea,ERI,..
Adjusted net national income (constant 2015 US$),NY.ADJ.NNTY.KD,Estonia,EST,22404347230.3962
Adjusted net national income (constant 2015 US$),NY.ADJ.NNTY.KD,Eswatini,SWZ,3274434190.23479
Adjusted net national income (constant 2015 US$),NY.ADJ.NNTY.KD,Ethiopia,ETH,83827994049.462
Adjusted net national income (constant 2015 US$),NY.ADJ.NNTY.KD,Faroe Islands,FRO,..
Adjusted net national income (constant 2015 US$),NY.ADJ.NNTY.KD,Fiji,FJI,..
Adjusted net national income (constant 2015 US$),NY.ADJ.NNTY.KD,Finland,FIN,202463680954.058
Adjusted net national income (constant 2015 US$),NY.ADJ.NNTY.KD,France,FRA,1960218156730.71
Adjusted net national income (constant 2015 US$),NY.ADJ.NNTY.KD,French Polynesia,PYF,..
Adjusted net national income (constant 2015 US$),NY.ADJ.NNTY.KD,Gabon,GAB,11744403548.9814
Adjusted net national income (constant 2015 US$),NY.ADJ.NNTY.KD,"Gambia, The",GMB,1377818525.14773
Adjusted net national income (constant 2015 US$),NY.ADJ.NNTY.KD,Georgia,GEO,13969751591.6878
Adjusted net national income (constant 2015 US$),NY.ADJ.NNTY.KD,Germany,DEU,2865709924504.28
Adjusted net national income (constant 2015 US$),NY.ADJ.NNTY.KD,Ghana,GHA,55644409505.7621
Adjusted net national income (constant 2015 US$),NY.ADJ.NNTY.KD,Gibraltar,GIB,..
Adjusted net national income (constant 2015 US$),NY.ADJ.NNTY.KD,Greece,GRC,153832442858.649
Adjusted net national income (constant 2015 US$),NY.ADJ.NNTY.KD,Greenland,GRL,..
Adjusted net national income (constant 2015 US$),NY.ADJ.NNTY.KD,Grenada,GRD,..
Adjusted net national income (constant 2015 US$),NY.ADJ.NNTY.KD,Guam,GUM,..
Adjusted net national income (constant 2015 US$),NY.ADJ.NNTY.KD,Guatemala,GTM,61489867152.2671
Adjusted net national income (constant 2015 US$),NY.ADJ.NNTY.KD,Guinea,GIN,10785389624.6508
Adjusted net national income (constant 2015 US$),NY.ADJ.NNTY.KD,Guinea-Bissau,GNB,1000515513.38083
Adjusted net national income (constant 2015 US$),NY.ADJ.NNTY.KD,Guyana,GUY,..
Adjusted net national income (constant 2015 US$),NY.ADJ.NNTY.KD,Haiti,HTI,14768736334.0557
Adjusted net national income (constant 2015 US$),NY.ADJ.NNTY.KD,Honduras,HND,19625896738.647
Adjusted net national income (constant 2015 US$),NY.ADJ.NNTY.KD,"Hong Kong SAR, China",HKG,..
Adjusted net national income (constant 2015 US$),NY.ADJ.NNTY.KD,Hungary,HUN,112034114169.233
Adjusted net national income (constant 2015 US$),NY.ADJ.NNTY.KD,Iceland,ISL,15568415009.5254
Adjusted net national income (constant 2015 US$),NY.ADJ.NNTY.KD,India,IND,2200341428312.59
Adjusted net national income (constant 2015 US$),NY.ADJ.NNTY.KD,Indonesia,IDN,806332206358.32
Adjusted net national income (constant 2015 US$),NY.ADJ.NNTY.KD,"Iran, Islamic Rep.",IRN,..
Adjusted net national income (constant 2015 US$),NY.ADJ.NNTY.KD,Iraq,IRQ,117175217290.994
Adjusted net national income (constant 2015 US$),NY.ADJ.NNTY.KD,Ireland,IRL,186906116296.485
Adjusted net national income (constant 2015 US$),NY.ADJ.NNTY.KD,Isle of Man,IMN,..
Adjusted net national income (constant 2015 US$),NY.ADJ.NNTY.KD,Israel,ISR,300905439609.344
Adjusted net national income (constant 2015 US$),NY.ADJ.NNTY.KD,Italy,ITA,1441569325109.3
Adjusted net national income (constant 2015 US$),NY.ADJ.NNTY.KD,Jamaica,JAM,12209748596.641
Adjusted net national income (constant 2015 US$),NY.ADJ.NNTY.KD,Japan,JPN,3430053812879.29
Adjusted net national income (constant 2015 US$),NY.ADJ.NNTY.KD,Jordan,JOR,38590155734.3904
Adjusted net national income (constant 2015 US$),NY.ADJ.NNTY.KD,Kazakhstan,KAZ,154381180562.344
Adjusted net national income (constant 2015 US$),NY.ADJ.NNTY.KD,Kenya,KEN,69858066962.6868
Adjusted net national income (constant 2015 US$),NY.ADJ.NNTY.KD,Kiribati,KIR,349563146.591208
Adjusted net national income (constant 2015 US$),NY.ADJ.NNTY.KD,"Korea, Dem. People's Rep.",PRK,..
Adjusted net national income (constant 2015 US$),NY.ADJ.NNTY.KD,"Korea, Rep.",KOR,1269275276107.25
Adjusted net national income (constant 2015 US$),NY.ADJ.NNTY.KD,Kosovo,XKX,..
Adjusted net national income (constant 2015 US$),NY.ADJ.NNTY.KD,Kuwait,KWT,..
Adjusted net national income (constant 2015 US$),NY.ADJ.NNTY.KD,Kyrgyz Republic,KGZ,6015903804.19687
Adjusted net national income (constant 2015 US$),NY.ADJ.NNTY.KD,Lao PDR,LAO,..
Adjusted net national income (constant 2015 US$),NY.ADJ.NNTY.KD,Latvia,LVA,24121045406.0515
Adjusted net national income (constant 2015 US$),NY.ADJ.NNTY.KD,Lebanon,LBN,29809838249.075
Adjusted net national income (constant 2015 US$),NY.ADJ.NNTY.KD,Lesotho,LSO,1763141992.13956
Adjusted net national income (constant 2015 US$),NY.ADJ.NNTY.KD,Liberia,LBR,..
Adjusted net national income (constant 2015 US$),NY.ADJ.NNTY.KD,Libya,LBY,..
Adjusted net national income (constant 2015 US$),NY.ADJ.NNTY.KD,Liechtenstein,LIE,..
Adjusted net national income (constant 2015 US$),NY.ADJ.NNTY.KD,Lithuania,LTU,40759338368.0709
Adjusted net national income (constant 2015 US$),NY.ADJ.NNTY.KD,Luxembourg,LUX,38117432690.3893
Adjusted net national income (constant 2015 US$),NY.ADJ.NNTY.KD,"Macao SAR, China",MAC,..
Adjusted net national income (constant 2015 US$),NY.ADJ.NNTY.KD,Madagascar,MDG,10200712296.3687
Adjusted net national income (constant 2015 US$),NY.ADJ.NNTY.KD,Malawi,MWI,..
Adjusted net national income (constant 2015 US$),NY.ADJ.NNTY.KD,Malaysia,MYS,246406171884.789
Adjusted net national income (constant 2015 US$),NY.ADJ.NNTY.KD,Maldives,MDV,2591850457.68878
Adjusted net national income (constant 2015 US$),NY.ADJ.NNTY.KD,Mali,MLI,13043720854.5175
Adjusted net national income (constant 2015 US$),NY.ADJ.NNTY.KD,Malta,MLT,..
Adjusted net national income (constant 2015 US$),NY.ADJ.NNTY.KD,Marshall Islands,MHL,..
Adjusted net national income (constant 2015 US$),NY.ADJ.NNTY.KD,Mauritania,MRT,7619807512.9392
Adjusted net national income (constant 2015 US$),NY.ADJ.NNTY.KD,Mauritius,MUS,10433705364.8717
Adjusted net national income (constant 2015 US$),NY.ADJ.NNTY.KD,Mexico,MEX,878402954348.619
Adjusted net national income (constant 2015 US$),NY.ADJ.NNTY.KD,"Micronesia, Fed. Sts.",FSM,..
Adjusted net national income (constant 2015 US$),NY.ADJ.NNTY.KD,Moldova,MDA,8123187018.12117
Adjusted net national income (constant 2015 US$),NY.ADJ.NNTY.KD,Monaco,MCO,..
Adjusted net national income (constant 2015 US$),NY.ADJ.NNTY.KD,Mongolia,MNG,11373649059.5148
Adjusted net national income (constant 2015 US$),NY.ADJ.NNTY.KD,Montenegro,MNE,3901208224.496
Adjusted net national income (constant 2015 US$),NY.ADJ.NNTY.KD,Morocco,MAR,96084600186.0581
Adjusted net national income (constant 2015 US$),NY.ADJ.NNTY.KD,Mozambique,MOZ,12544990264.6892
Adjusted net national income (constant 2015 US$),NY.ADJ.NNTY.KD,Myanmar,MMR,70575482752.7518
Adjusted net national income (constant 2015 US$),NY.ADJ.NNTY.KD,Namibia,NAM,9446454544.97361
Adjusted net national income (constant 2015 US$),NY.ADJ.NNTY.KD,Nauru,NRU,..
Adjusted net national income (constant 2015 US$),NY.ADJ.NNTY.KD,Nepal,NPL,28902139814.9161
Adjusted net national income (constant 2015 US$),NY.ADJ.NNTY.KD,Netherlands,NLD,655361676249.247
Adjusted net national income (constant 2015 US$),NY.ADJ.NNTY.KD,New Caledonia,NCL,..
Adjusted net national income (constant 2015 US$),NY.ADJ.NNTY.KD,New Zealand,NZL,168381074765.995
Adjusted net national income (constant 2015 US$),NY.ADJ.NNTY.KD,Nicaragua,NIC,11535799830.2668
Adjusted net national income (constant 2015 US$),NY.ADJ.NNTY.KD,Niger,NER,11683687976.7407
Adjusted net national income (constant 2015 US$),NY.ADJ.NNTY.KD,Nigeria,NGA,411320934011.287
Adjusted net national income (constant 2015 US$),NY.ADJ.NNTY.KD,North Macedonia,MKD,8948691813.1845
Adjusted net national income (constant 2015 US$),NY.ADJ.NNTY.KD,Northern Mariana Islands,MNP,..
Adjusted net national income (constant 2015 US$),NY.ADJ.NNTY.KD,Norway,NOR,296912114766.685
Adjusted net national income (constant 2015 US$),NY.ADJ.NNTY.KD,Oman,OMN,..
Adjusted net national income (constant 2015 US$),NY.ADJ.NNTY.KD,Pakistan,PAK,266692531015.905
Adjusted net national income (constant 2015 US$),NY.ADJ.NNTY.KD,Palau,PLW,..
Adjusted net national income (constant 2015 US$),NY.ADJ.NNTY.KD,Panama,PAN,43534867232.048
Adjusted net national income (constant 2015 US$),NY.ADJ.NNTY.KD,Papua New Guinea,PNG,..
Adjusted net national income (constant 2015 US$),NY.ADJ.NNTY.KD,Paraguay,PRY,36604621618.1246
Adjusted net national income (constant 2015 US$),NY.ADJ.NNTY.KD,Peru,PER,169533378312.346
Adjusted net national income (constant 2015 US$),NY.ADJ.NNTY.KD,Philippines,PHL,341350238284.462
Adjusted net national income (constant 2015 US$),NY.ADJ.NNTY.KD,Poland,POL,479884708975.66
Adjusted net national income (constant 2015 US$),NY.ADJ.NNTY.KD,Portugal,PRT,161782677731.857
Adjusted net national income (constant 2015 US$),NY.ADJ.NNTY.KD,Puerto Rico,PRI,..
Adjusted net national income (constant 2015 US$),NY.ADJ.NNTY.KD,Qatar,QAT,..
Adjusted net national income (constant 2015 US$),NY.ADJ.NNTY.KD,Romania,ROU,177370033078.418
Adjusted net national income (constant 2015 US$),NY.ADJ.NNTY.KD,Russian Federation,RUS,1100984223793.5
Adjusted net national income (constant 2015 US$),NY.ADJ.NNTY.KD,Rwanda,RWA,8785041890.58908
Adjusted net national income (constant 2015 US$),NY.ADJ.NNTY.KD,Samoa,WSM,741561971.269398
Adjusted net national income (constant 2015 US$),NY.ADJ.NNTY.KD,San Marino,SMR,..
Adjusted net national income (constant 2015 US$),NY.ADJ.NNTY.KD,Sao Tome and Principe,STP,..
Adjusted net national income (constant 2015 US$),NY.ADJ.NNTY.KD,Saudi Arabia,SAU,545385719282.698
Adjusted net national income (constant 2015 US$),NY.ADJ.NNTY.KD,Senegal,SEN,20415430093.2265
Adjusted net national income (constant 2015 US$),NY.ADJ.NNTY.KD,Serbia,SRB,37852193316.1778
Adjusted net national income (constant 2015 US$),NY.ADJ.NNTY.KD,Seychelles,SYC,1028757936.42405
Adjusted net national income (constant 2015 US$),NY.ADJ.NNTY.KD,Sierra Leone,SLE,4761664270.8266
Adjusted net national income (constant 2015 US$),NY.ADJ.NNTY.KD,Singapore,SGP,..
Adjusted net national income (constant 2015 US$),NY.ADJ.NNTY.KD,Sint Maarten (Dutch part),SXM,..
Adjusted net national income (constant 2015 US$),NY.ADJ.NNTY.KD,Slovak Republic,SVK,75172903562.0331
Adjusted net national income (constant 2015 US$),NY.ADJ.NNTY.KD,Slovenia,SVN,38445668384.1689
Adjusted net national income (constant 2015 US$),NY.ADJ.NNTY.KD,Solomon Islands,SLB,1325293533.84455
Adjusted net national income (constant 2015 US$),NY.ADJ.NNTY.KD,Somalia,SOM,..
Adjusted net national income (constant 2015 US$),NY.ADJ.NNTY.KD,South Africa,ZAF,283645257149.799
Adjusted net national income (constant 2015 US$),NY.ADJ.NNTY.KD,South Sudan,SSD,..
Adjusted net national income (constant 2015 US$),NY.ADJ.NNTY.KD,Spain,ESP,984963146651.217
Adjusted net national income (constant 2015 US$),NY.ADJ.NNTY.KD,Sri Lanka,LKA,80496985981.4819
Adjusted net national income (constant 2015 US$),NY.ADJ.NNTY.KD,St. Kitts and Nevis,KNA,..
Adjusted net national income (constant 2015 US$),NY.ADJ.NNTY.KD,St. Lucia,LCA,..
Adjusted net national income (constant 2015 US$),NY.ADJ.NNTY.KD,St. Martin (French part),MAF,..
Adjusted net national income (constant 2015 US$),NY.ADJ.NNTY.KD,St. Vincent and the Grenadines,VCT,..
Adjusted net national income (constant 2015 US$),NY.ADJ.NNTY.KD,Sudan,SDN,52759040288.0176
Adjusted net national income (constant 2015 US$),NY.ADJ.NNTY.KD,Suriname,SUR,..
Adjusted net national income (constant 2015 US$),NY.ADJ.NNTY.KD,Sweden,SWE,451606984969.736
Adjusted net national income (constant 2015 US$),NY.ADJ.NNTY.KD,Switzerland,CHE,519615575716.042
Adjusted net national income (constant 2015 US$),NY.ADJ.NNTY.KD,Syrian Arab Republic,SYR,..
Adjusted net national income (constant 2015 US$),NY.ADJ.NNTY.KD,Tajikistan,TJK,..
Adjusted net national income (constant 2015 US$),NY.ADJ.NNTY.KD,Tanzania,TZA,52110839130.8693
Adjusted net national income (constant 2015 US$),NY.ADJ.NNTY.KD,Thailand,THA,..
Adjusted net national income (constant 2015 US$),NY.ADJ.NNTY.KD,Timor-Leste,TLS,2091806267.01122
Adjusted net national income (constant 2015 US$),NY.ADJ.NNTY.KD,Togo,TGO,4942762202.21097
Adjusted net national income (constant 2015 US$),NY.ADJ.NNTY.KD,Tonga,TON,496599722.150605
Adjusted net national income (constant 2015 US$),NY.ADJ.NNTY.KD,Trinidad and Tobago,TTO,..
Adjusted net national income (constant 2015 US$),NY.ADJ.NNTY.KD,Tunisia,TUN,43256330947.106
Adjusted net national income (constant 2015 US$),NY.ADJ.NNTY.KD,Turkiye,TUR,..
Adjusted net national income (constant 2015 US$),NY.ADJ.NNTY.KD,Turkmenistan,TKM,..
Adjusted net national income (constant 2015 US$),NY.ADJ.NNTY.KD,Turks and Caicos Islands,TCA,..
Adjusted net national income (constant 2015 US$),NY.ADJ.NNTY.KD,Tuvalu,TUV,..
Adjusted net national income (constant 2015 US$),NY.ADJ.NNTY.KD,Uganda,UGA,36156368723.3317
Adjusted net national income (constant 2015 US$),NY.ADJ.NNTY.KD,Ukraine,UKR,97230371453.79
Adjusted net national income (constant 2015 US$),NY.ADJ.NNTY.KD,United Arab Emirates,ARE,334982821504.815
Adjusted net national income (constant 2015 US$),NY.ADJ.NNTY.KD,United Kingdom,GBR,..
Adjusted net national income (constant 2015 US$),NY.ADJ.NNTY.KD,United States,USA,16379583701103.5
Adjusted net national income (constant 2015 US$),NY.ADJ.NNTY.KD,Uruguay,URY,43224417658.3005
Adjusted net national income (constant 2015 US$),NY.ADJ.NNTY.KD,Uzbekistan,UZB,..
Adjusted net national income (constant 2015 US$),NY.ADJ.NNTY.KD,Vanuatu,VUT,894540956.989785
Adjusted net national income (constant 2015 US$),NY.ADJ.NNTY.KD,"Venezuela, RB",VEN,..
Adjusted net national income (constant 2015 US$),NY.ADJ.NNTY.KD,Vietnam,VNM,213153252718.515
Adjusted net national income (constant 2015 US$),NY.ADJ.NNTY.KD,Virgin Islands (U.S.),VIR,..
Adjusted net national income (constant 2015 US$),NY.ADJ.NNTY.KD,West Bank and Gaza,PSE,..
Adjusted net national income (constant 2015 US$),NY.ADJ.NNTY.KD,"Yemen, Rep.",YEM,..
Adjusted net national income (constant 2015 US$),NY.ADJ.NNTY.KD,Zambia,ZMB,..
Adjusted net national income (constant 2015 US$),NY.ADJ.NNTY.KD,Zimbabwe,ZWE,13373492553.4502
Adjusted net national income (constant 2015 US$),NY.ADJ.NNTY.KD,Africa Eastern and Southern,AFE,811405286192.027
Adjusted net national income (constant 2015 US$),NY.ADJ.NNTY.KD,Africa Western and Central,AFW,692861753424.374
Adjusted net national income (constant 2015 US$),NY.ADJ.NNTY.KD,Arab World,ARB,2173933273751.05
Adjusted net national income (constant 2015 US$),NY.ADJ.NNTY.KD,Caribbean small states,CSS,..
Adjusted net national income (constant 2015 US$),NY.ADJ.NNTY.KD,Central Europe and the Baltics,CEB,1217481561848
Adjusted net national income (constant 2015 US$),NY.ADJ.NNTY.KD,Early-demographic dividend,EAR,9341621725666.08
Adjusted net national income (constant 2015 US$),NY.ADJ.NNTY.KD,East Asia & Pacific,EAS,19818595108156.5
Adjusted net national income (constant 2015 US$),NY.ADJ.NNTY.KD,East Asia & Pacific (excluding high income),EAP,12655269775686
Adjusted net national income (constant 2015 US$),NY.ADJ.NNTY.KD,East Asia & Pacific (IDA & IBRD countries),TEA,12639324561914.6
Adjusted net national income (constant 2015 US$),NY.ADJ.NNTY.KD,Euro area,EMU,9565105037106.87
Adjusted net national income (constant 2015 US$),NY.ADJ.NNTY.KD,Europe & Central Asia,ECS,17048683378041
Adjusted net national income (constant 2015 US$),NY.ADJ.NNTY.KD,Europe & Central Asia (excluding high income),ECA,..
Adjusted net national income (constant 2015 US$),NY.ADJ.NNTY.KD,Europe & Central Asia (IDA & IBRD countries),TEC,3225727113047.33
Adjusted net national income (constant 2015 US$),NY.ADJ.NNTY.KD,European Union,EUU,11316514715839.8
Adjusted net national income (constant 2015 US$),NY.ADJ.NNTY.KD,Fragile and conflict affected situations,FCS,1416036910821.96
Adjusted net national income (constant 2015 US$),NY.ADJ.NNTY.KD,Heavily indebted poor countries (HIPC),HPC,703302163318.149
Adjusted net national income (constant 2015 US$),NY.ADJ.NNTY.KD,High income,HIC,41150426203557.3
Adjusted net national income (constant 2015 US$),NY.ADJ.NNTY.KD,IBRD only,IBD,23628517756552.8
Adjusted net national income (constant 2015 US$),NY.ADJ.NNTY.KD,IDA & IBRD total,IBT,25660864100532.4
Adjusted net national income (constant 2015 US$),NY.ADJ.NNTY.KD,IDA blend,IDB,902834621160.537
Adjusted net national income (constant 2015 US$),NY.ADJ.NNTY.KD,IDA only,IDX,1136847965088.43
Adjusted net national income (constant 2015 US$),NY.ADJ.NNTY.KD,IDA total,IDA,2033302006176.19
Adjusted net national income (constant 2015 US$),NY.ADJ.NNTY.KD,Late-demographic dividend,LTE,16852237859441.4
Adjusted net national income (constant 2015 US$),NY.ADJ.NNTY.KD,Latin America & Caribbean,LCN,4310991786958.73
Adjusted net national income (constant 2015 US$),NY.ADJ.NNTY.KD,Latin America & Caribbean (excluding high income),LAC,3719626609667.21
Adjusted net national income (constant 2015 US$),NY.ADJ.NNTY.KD,Latin America & the Caribbean (IDA & IBRD countries),TLA,4158080150819.68
Adjusted net national income (constant 2015 US$),NY.ADJ.NNTY.KD,Least developed countries: UN classification,LDC,995978009001.136
Adjusted net national income (constant 2015 US$),NY.ADJ.NNTY.KD,Low & middle income,LMY,24513085041279.5
Adjusted net national income (constant 2015 US$),NY.ADJ.NNTY.KD,Low income,LIC,454242662007.14
Adjusted net national income (constant 2015 US$),NY.ADJ.NNTY.KD,Lower middle income,LMC,6420555021073.67
Adjusted net national income (constant 2015 US$),NY.ADJ.NNTY.KD,Middle East & North Africa,MEA,2714204341715.7
Adjusted net national income (constant 2015 US$),NY.ADJ.NNTY.KD,Middle East & North Africa (excluding high income),MNA,..
Adjusted net national income (constant 2015 US$),NY.ADJ.NNTY.KD,Middle East & North Africa (IDA & IBRD countries),TMN,..
Adjusted net national income (constant 2015 US$),NY.ADJ.NNTY.KD,Middle income,MIC,24055090188603
Adjusted net national income (constant 2015 US$),NY.ADJ.NNTY.KD,North America,NAC,17681900443302.7
Adjusted net national income (constant 2015 US$),NY.ADJ.NNTY.KD,Not classified,INX,..
Adjusted net national income (constant 2015 US$),NY.ADJ.NNTY.KD,OECD members,OED,40402290786465.8
Adjusted net national income (constant 2015 US$),NY.ADJ.NNTY.KD,Other small states,OSS,..
Adjusted net national income (constant 2015 US$),NY.ADJ.NNTY.KD,Pacific island small states,PSS,..
Adjusted net national income (constant 2015 US$),NY.ADJ.NNTY.KD,Post-demographic dividend,PST,38033058294689.3
Adjusted net national income (constant 2015 US$),NY.ADJ.NNTY.KD,Pre-demographic dividend,PRE,1143485552207.07
Adjusted net national income (constant 2015 US$),NY.ADJ.NNTY.KD,Small states,SST,..
Adjusted net national income (constant 2015 US$),NY.ADJ.NNTY.KD,South Asia,SAS,2843353785233.32
Adjusted net national income (constant 2015 US$),NY.ADJ.NNTY.KD,South Asia (IDA & IBRD),TSA,2843353785233.32
Adjusted net national income (constant 2015 US$),NY.ADJ.NNTY.KD,Sub-Saharan Africa,SSF,1503144212698.14
Adjusted net national income (constant 2015 US$),NY.ADJ.NNTY.KD,Sub-Saharan Africa (excluding high income),SSA,1502123018328.6
Adjusted net national income (constant 2015 US$),NY.ADJ.NNTY.KD,Sub-Saharan Africa (IDA & IBRD countries),TSS,1503144212698.14
Adjusted net national income (constant 2015 US$),NY.ADJ.NNTY.KD,Upper middle income,UMC,17632334471631.4
Adjusted net national income (constant 2015 US$),NY.ADJ.NNTY.KD,World,WLD,65905566977776.8
,,,,
,,,,
,,,,
Data from database: World Development Indicators,,,,
Last Updated: 03/30/2023,,,,
