Series Name,Series Code,Country Name,Country Code,2020 [YR2020]
GDP per capita (current US$),NY.GDP.PCAP.CD,Afghanistan,AFG,516.866552182696
GDP per capita (current US$),NY.GDP.PCAP.CD,Albania,ALB,5332.16047456847
GDP per capita (current US$),NY.GDP.PCAP.CD,Algeria,DZA,3337.25251157504
GDP per capita (current US$),NY.GDP.PCAP.CD,American Samoa,ASM,15501.5263374397
GDP per capita (current US$),NY.GDP.PCAP.CD,Andorra,AND,37207.4938608348
GDP per capita (current US$),NY.GDP.PCAP.CD,Angola,AGO,1603.99347745326
GDP per capita (current US$),NY.GDP.PCAP.CD,Antigua and Barbuda,ATG,14787.6357752901
GDP per capita (current US$),NY.GDP.PCAP.CD,Argentina,ARG,8496.42414176374
GDP per capita (current US$),NY.GDP.PCAP.CD,Armenia,ARM,4505.86736397124
GDP per capita (current US$),NY.GDP.PCAP.CD,Aruba,ABW,24487.8635601966
GDP per capita (current US$),NY.GDP.PCAP.CD,Australia,AUS,51720.3707634401
GDP per capita (current US$),NY.GDP.PCAP.CD,Austria,AUT,48809.2268762243
GDP per capita (current US$),NY.GDP.PCAP.CD,Azerbaijan,AZE,4229.91064904503
GDP per capita (current US$),NY.GDP.PCAP.CD,"Bahamas, The",BHS,23862.7109929122
GDP per capita (current US$),NY.GDP.PCAP.CD,Bahrain,BHR,23501.9194628168
GDP per capita (current US$),NY.GDP.PCAP.CD,Bangladesh,BGD,2233.30552399269
GDP per capita (current US$),NY.GDP.PCAP.CD,Barbados,BRB,16643.8065787177
GDP per capita (current US$),NY.GDP.PCAP.CD,Belarus,BLR,6542.79749130553
GDP per capita (current US$),NY.GDP.PCAP.CD,Belgium,BEL,45517.7949301847
GDP per capita (current US$),NY.GDP.PCAP.CD,Belize,BLZ,5266.87616004213
GDP per capita (current US$),NY.GDP.PCAP.CD,Benin,BEN,1237.94929535039
GDP per capita (current US$),NY.GDP.PCAP.CD,Bermuda,BMU,107791.886435134
GDP per capita (current US$),NY.GDP.PCAP.CD,Bhutan,BTN,3009.92417072191
GDP per capita (current US$),NY.GDP.PCAP.CD,Bolivia,BOL,3068.81255507604
GDP per capita (current US$),NY.GDP.PCAP.CD,Bosnia and Herzegovina,BIH,6012.06276705855
GDP per capita (current US$),NY.GDP.PCAP.CD,Botswana,BWA,5863.20324072216
GDP per capita (current US$),NY.GDP.PCAP.CD,Brazil,BRA,6794.48915877166
GDP per capita (current US$),NY.GDP.PCAP.CD,British Virgin Islands,VGB,..
GDP per capita (current US$),NY.GDP.PCAP.CD,Brunei Darussalam,BRN,27179.4119853371
GDP per capita (current US$),NY.GDP.PCAP.CD,Bulgaria,BGR,10129.8129597638
GDP per capita (current US$),NY.GDP.PCAP.CD,Burkina Faso,BFA,833.244342636324
GDP per capita (current US$),NY.GDP.PCAP.CD,Burundi,BDI,216.826741341377
GDP per capita (current US$),NY.GDP.PCAP.CD,Cabo Verde,CPV,2924.10180677162
GDP per capita (current US$),NY.GDP.PCAP.CD,Cambodia,KHM,1577.91174726099
GDP per capita (current US$),NY.GDP.PCAP.CD,Cameroon,CMR,1539.13055856256
GDP per capita (current US$),NY.GDP.PCAP.CD,Canada,CAN,43258.2638715601
GDP per capita (current US$),NY.GDP.PCAP.CD,Cayman Islands,CYM,83329.4587744645
GDP per capita (current US$),NY.GDP.PCAP.CD,Central African Republic,CAF,435.469251582856
GDP per capita (current US$),NY.GDP.PCAP.CD,Chad,TCD,643.772221286329
GDP per capita (current US$),NY.GDP.PCAP.CD,Channel Islands,CHI,..
GDP per capita (current US$),NY.GDP.PCAP.CD,Chile,CHL,13094.4595313609
GDP per capita (current US$),NY.GDP.PCAP.CD,China,CHN,10408.6697561349
GDP per capita (current US$),NY.GDP.PCAP.CD,Colombia,COL,5307.21522798919
GDP per capita (current US$),NY.GDP.PCAP.CD,Comoros,COM,1519.58682298786
GDP per capita (current US$),NY.GDP.PCAP.CD,"Congo, Dem. Rep.",COD,524.666675441091
GDP per capita (current US$),NY.GDP.PCAP.CD,"Congo, Rep.",COG,1838.44813852491
GDP per capita (current US$),NY.GDP.PCAP.CD,Costa Rica,CRI,12132.8768848243
GDP per capita (current US$),NY.GDP.PCAP.CD,Cote d'Ivoire,CIV,2288.11949762033
GDP per capita (current US$),NY.GDP.PCAP.CD,Croatia,HRV,14198.7539594744
GDP per capita (current US$),NY.GDP.PCAP.CD,Cuba,CUB,9499.59020230432
GDP per capita (current US$),NY.GDP.PCAP.CD,Curacao,CUW,16109.8617501685
GDP per capita (current US$),NY.GDP.PCAP.CD,Cyprus,CYP,28036.189453125
GDP per capita (current US$),NY.GDP.PCAP.CD,Czechia,CZE,22992.8793833348
GDP per capita (current US$),NY.GDP.PCAP.CD,Denmark,DNK,60915.4243995462
GDP per capita (current US$),NY.GDP.PCAP.CD,Djibouti,DJI,2917.9962809563
GDP per capita (current US$),NY.GDP.PCAP.CD,Dominica,DMA,7003.46989117043
GDP per capita (current US$),NY.GDP.PCAP.CD,Dominican Republic,DOM,7167.91915908327
GDP per capita (current US$),NY.GDP.PCAP.CD,Ecuador,ECU,5645.19928965332
GDP per capita (current US$),NY.GDP.PCAP.CD,"Egypt, Arab Rep.",EGY,3398.80143153083
GDP per capita (current US$),NY.GDP.PCAP.CD,El Salvador,SLV,3903.39583878605
GDP per capita (current US$),NY.GDP.PCAP.CD,Equatorial Guinea,GNQ,6327.59901151363
GDP per capita (current US$),NY.GDP.PCAP.CD,Eritrea,ERI,..
GDP per capita (current US$),NY.GDP.PCAP.CD,Estonia,EST,23595.2436836441
GDP per capita (current US$),NY.GDP.PCAP.CD,Eswatini,SWZ,3372.89560064925
GDP per capita (current US$),NY.GDP.PCAP.CD,Ethiopia,ETH,918.652594077418
GDP per capita (current US$),NY.GDP.PCAP.CD,Faroe Islands,FRO,61980.2900239725
GDP per capita (current US$),NY.GDP.PCAP.CD,Fiji,FJI,4864.11704680273
GDP per capita (current US$),NY.GDP.PCAP.CD,Finland,FIN,49170.7521512441
GDP per capita (current US$),NY.GDP.PCAP.CD,France,FRA,39055.2829280754
GDP per capita (current US$),NY.GDP.PCAP.CD,French Polynesia,PYF,18910.3801296387
GDP per capita (current US$),NY.GDP.PCAP.CD,Gabon,GAB,6680.08267035383
GDP per capita (current US$),NY.GDP.PCAP.CD,"Gambia, The",GMB,704.029916035493
GDP per capita (current US$),NY.GDP.PCAP.CD,Georgia,GEO,4255.74299321254
GDP per capita (current US$),NY.GDP.PCAP.CD,Germany,DEU,46772.8253507545
GDP per capita (current US$),NY.GDP.PCAP.CD,Ghana,GHA,2176.57945945697
GDP per capita (current US$),NY.GDP.PCAP.CD,Gibraltar,GIB,..
GDP per capita (current US$),NY.GDP.PCAP.CD,Greece,GRC,17658.9473011192
GDP per capita (current US$),NY.GDP.PCAP.CD,Greenland,GRL,54571.2091605745
GDP per capita (current US$),NY.GDP.PCAP.CD,Grenada,GRD,8437.56673228706
GDP per capita (current US$),NY.GDP.PCAP.CD,Guam,GUM,34780.8616624614
GDP per capita (current US$),NY.GDP.PCAP.CD,Guatemala,GTM,4604.57667897864
GDP per capita (current US$),NY.GDP.PCAP.CD,Guinea,GIN,1073.65933709951
GDP per capita (current US$),NY.GDP.PCAP.CD,Guinea-Bissau,GNB,710.258138543444
GDP per capita (current US$),NY.GDP.PCAP.CD,Guyana,GUY,6863.07434593017
GDP per capita (current US$),NY.GDP.PCAP.CD,Haiti,HTI,1283.14082978936
GDP per capita (current US$),NY.GDP.PCAP.CD,Honduras,HND,2354.11961431042
GDP per capita (current US$),NY.GDP.PCAP.CD,"Hong Kong SAR, China",HKG,46107.7652757721
GDP per capita (current US$),NY.GDP.PCAP.CD,Hungary,HUN,16120.9890495243
GDP per capita (current US$),NY.GDP.PCAP.CD,Iceland,ISL,59200.1779441092
GDP per capita (current US$),NY.GDP.PCAP.CD,India,IND,1910.42147282449
GDP per capita (current US$),NY.GDP.PCAP.CD,Indonesia,IDN,3894.27220196922
GDP per capita (current US$),NY.GDP.PCAP.CD,"Iran, Islamic Rep.",IRN,2746.42044957439
GDP per capita (current US$),NY.GDP.PCAP.CD,Iraq,IRQ,4332.30412463995
GDP per capita (current US$),NY.GDP.PCAP.CD,Ireland,IRL,85420.1908556097
GDP per capita (current US$),NY.GDP.PCAP.CD,Isle of Man,IMN,..
GDP per capita (current US$),NY.GDP.PCAP.CD,Israel,ISR,44846.7915954816
GDP per capita (current US$),NY.GDP.PCAP.CD,Italy,ITA,31911.0357890017
GDP per capita (current US$),NY.GDP.PCAP.CD,Jamaica,JAM,4897.26589668631
GDP per capita (current US$),NY.GDP.PCAP.CD,Japan,JPN,39918.1675583443
GDP per capita (current US$),NY.GDP.PCAP.CD,Jordan,JOR,4042.7693498462
GDP per capita (current US$),NY.GDP.PCAP.CD,Kazakhstan,KAZ,9121.63713797145
GDP per capita (current US$),NY.GDP.PCAP.CD,Kenya,KEN,1936.42458891104
GDP per capita (current US$),NY.GDP.PCAP.CD,Kiribati,KIR,1430.55157354026
GDP per capita (current US$),NY.GDP.PCAP.CD,"Korea, Dem. People's Rep.",PRK,..
GDP per capita (current US$),NY.GDP.PCAP.CD,"Korea, Rep.",KOR,31721.2989141857
GDP per capita (current US$),NY.GDP.PCAP.CD,Kosovo,XKX,4310.81118337317
GDP per capita (current US$),NY.GDP.PCAP.CD,Kuwait,KWT,24300.32943621
GDP per capita (current US$),NY.GDP.PCAP.CD,Kyrgyz Republic,KGZ,1182.52170043018
GDP per capita (current US$),NY.GDP.PCAP.CD,Lao PDR,LAO,2593.35509719847
GDP per capita (current US$),NY.GDP.PCAP.CD,Latvia,LVA,18207.1396408631
GDP per capita (current US$),NY.GDP.PCAP.CD,Lebanon,LBN,5599.95752260733
GDP per capita (current US$),NY.GDP.PCAP.CD,Lesotho,LSO,989.847170700549
GDP per capita (current US$),NY.GDP.PCAP.CD,Liberia,LBR,597.529691893048
GDP per capita (current US$),NY.GDP.PCAP.CD,Libya,LBY,7568.04201096325
GDP per capita (current US$),NY.GDP.PCAP.CD,Liechtenstein,LIE,157754.954373893
GDP per capita (current US$),NY.GDP.PCAP.CD,Lithuania,LTU,20339.5212699052
GDP per capita (current US$),NY.GDP.PCAP.CD,Luxembourg,LUX,117370.496900162
GDP per capita (current US$),NY.GDP.PCAP.CD,"Macao SAR, China",MAC,37646.3161952623
GDP per capita (current US$),NY.GDP.PCAP.CD,Madagascar,MDG,462.404223694817
GDP per capita (current US$),NY.GDP.PCAP.CD,Malawi,MWI,628.699481965162
GDP per capita (current US$),NY.GDP.PCAP.CD,Malaysia,MYS,10160.7832470071
GDP per capita (current US$),NY.GDP.PCAP.CD,Maldives,MDV,7282.35848902548
GDP per capita (current US$),NY.GDP.PCAP.CD,Mali,MLI,822.906143972366
GDP per capita (current US$),NY.GDP.PCAP.CD,Malta,MLT,28977.5655673636
GDP per capita (current US$),NY.GDP.PCAP.CD,Marshall Islands,MHL,5567.97272706332
GDP per capita (current US$),NY.GDP.PCAP.CD,Mauritania,MRT,1868.4665735741
GDP per capita (current US$),NY.GDP.PCAP.CD,Mauritius,MUS,9007.41910231356
GDP per capita (current US$),NY.GDP.PCAP.CD,Mexico,MEX,8655.00068206803
GDP per capita (current US$),NY.GDP.PCAP.CD,"Micronesia, Fed. Sts.",FSM,3639.41269869588
GDP per capita (current US$),NY.GDP.PCAP.CD,Moldova,MDA,4500.62446389838
GDP per capita (current US$),NY.GDP.PCAP.CD,Monaco,MCO,182538.638340211
GDP per capita (current US$),NY.GDP.PCAP.CD,Mongolia,MNG,4041.17419587656
GDP per capita (current US$),NY.GDP.PCAP.CD,Montenegro,MNE,7677.15222569996
GDP per capita (current US$),NY.GDP.PCAP.CD,Morocco,MAR,3258.12133789063
GDP per capita (current US$),NY.GDP.PCAP.CD,Mozambique,MOZ,449.95520984244
GDP per capita (current US$),NY.GDP.PCAP.CD,Myanmar,MMR,1477.45287032594
GDP per capita (current US$),NY.GDP.PCAP.CD,Namibia,NAM,4251.17276622988
GDP per capita (current US$),NY.GDP.PCAP.CD,Nauru,NRU,9307.88676841439
GDP per capita (current US$),NY.GDP.PCAP.CD,Nepal,NPL,1139.19027666733
GDP per capita (current US$),NY.GDP.PCAP.CD,Netherlands,NLD,52162.5701150406
GDP per capita (current US$),NY.GDP.PCAP.CD,New Caledonia,NCL,34800.7595147977
GDP per capita (current US$),NY.GDP.PCAP.CD,New Zealand,NZL,41596.5055023403
GDP per capita (current US$),NY.GDP.PCAP.CD,Nicaragua,NIC,1863.10925664373
GDP per capita (current US$),NY.GDP.PCAP.CD,Niger,NER,564.822001755189
GDP per capita (current US$),NY.GDP.PCAP.CD,Nigeria,NGA,2074.61392802438
GDP per capita (current US$),NY.GDP.PCAP.CD,North Macedonia,MKD,5965.45023195365
GDP per capita (current US$),NY.GDP.PCAP.CD,Northern Mariana Islands,MNP,..
GDP per capita (current US$),NY.GDP.PCAP.CD,Norway,NOR,67329.6777910967
GDP per capita (current US$),NY.GDP.PCAP.CD,Oman,OMN,16707.6230063214
GDP per capita (current US$),NY.GDP.PCAP.CD,Pakistan,PAK,1322.31503608163
GDP per capita (current US$),NY.GDP.PCAP.CD,Palau,PLW,14016.2474961051
GDP per capita (current US$),NY.GDP.PCAP.CD,Panama,PAN,12569.1715435651
GDP per capita (current US$),NY.GDP.PCAP.CD,Papua New Guinea,PNG,2446.06630562295
GDP per capita (current US$),NY.GDP.PCAP.CD,Paraguay,PRY,5353.34806456279
GDP per capita (current US$),NY.GDP.PCAP.CD,Peru,PER,6056.34390291445
GDP per capita (current US$),NY.GDP.PCAP.CD,Philippines,PHL,3224.42255131214
GDP per capita (current US$),NY.GDP.PCAP.CD,Poland,POL,15816.989398397
GDP per capita (current US$),NY.GDP.PCAP.CD,Portugal,PRT,22242.406417972
GDP per capita (current US$),NY.GDP.PCAP.CD,Puerto Rico,PRI,31393.9073690446
GDP per capita (current US$),NY.GDP.PCAP.CD,Qatar,QAT,52315.6600783116
GDP per capita (current US$),NY.GDP.PCAP.CD,Romania,ROU,13047.4320617591
GDP per capita (current US$),NY.GDP.PCAP.CD,Russian Federation,RUS,10169.0869140625
GDP per capita (current US$),NY.GDP.PCAP.CD,Rwanda,RWA,774.689259444614
GDP per capita (current US$),NY.GDP.PCAP.CD,Samoa,WSM,4042.75122353237
GDP per capita (current US$),NY.GDP.PCAP.CD,San Marino,SMR,45320.2087156066
GDP per capita (current US$),NY.GDP.PCAP.CD,Sao Tome and Principe,STP,2161.31019577016
GDP per capita (current US$),NY.GDP.PCAP.CD,Saudi Arabia,SAU,19539.5658107346
GDP per capita (current US$),NY.GDP.PCAP.CD,Senegal,SEN,1490.20313694645
GDP per capita (current US$),NY.GDP.PCAP.CD,Serbia,SRB,7733.80286920471
GDP per capita (current US$),NY.GDP.PCAP.CD,Seychelles,SYC,12808.9874683728
GDP per capita (current US$),NY.GDP.PCAP.CD,Sierra Leone,SLE,493.478777501977
GDP per capita (current US$),NY.GDP.PCAP.CD,Singapore,SGP,60729.4503486794
GDP per capita (current US$),NY.GDP.PCAP.CD,Sint Maarten (Dutch part),SXM,..
GDP per capita (current US$),NY.GDP.PCAP.CD,Slovak Republic,SVK,19545.7428171932
GDP per capita (current US$),NY.GDP.PCAP.CD,Slovenia,SVN,25545.2410027136
GDP per capita (current US$),NY.GDP.PCAP.CD,Solomon Islands,SLB,2222.4656361989
GDP per capita (current US$),NY.GDP.PCAP.CD,Somalia,SOM,416.217774718244
GDP per capita (current US$),NY.GDP.PCAP.CD,South Africa,ZAF,5741.64312911877
GDP per capita (current US$),NY.GDP.PCAP.CD,South Sudan,SSD,..
GDP per capita (current US$),NY.GDP.PCAP.CD,Spain,ESP,26959.6754367326
GDP per capita (current US$),NY.GDP.PCAP.CD,Sri Lanka,LKA,3893.84151516764
GDP per capita (current US$),NY.GDP.PCAP.CD,St. Kitts and Nevis,KNA,18566.0955863718
GDP per capita (current US$),NY.GDP.PCAP.CD,St. Lucia,LCA,8458.1627606739
GDP per capita (current US$),NY.GDP.PCAP.CD,St. Martin (French part),MAF,..
GDP per capita (current US$),NY.GDP.PCAP.CD,St. Vincent and the Grenadines,VCT,8335.25647560551
GDP per capita (current US$),NY.GDP.PCAP.CD,Sudan,SDN,608.33251953125
GDP per capita (current US$),NY.GDP.PCAP.CD,Suriname,SUR,4796.53331389928
GDP per capita (current US$),NY.GDP.PCAP.CD,Sweden,SWE,52837.9039778149
GDP per capita (current US$),NY.GDP.PCAP.CD,Switzerland,CHE,85656.322666307
GDP per capita (current US$),NY.GDP.PCAP.CD,Syrian Arab Republic,SYR,533.3852317094
GDP per capita (current US$),NY.GDP.PCAP.CD,Tajikistan,TJK,852.333670212118
GDP per capita (current US$),NY.GDP.PCAP.CD,Tanzania,TZA,1042.0966796875
GDP per capita (current US$),NY.GDP.PCAP.CD,Thailand,THA,6990.93550262041
GDP per capita (current US$),NY.GDP.PCAP.CD,Timor-Leste,TLS,1660.30833959898
GDP per capita (current US$),NY.GDP.PCAP.CD,Togo,TGO,897.194575433309
GDP per capita (current US$),NY.GDP.PCAP.CD,Tonga,TON,4606.06455169288
GDP per capita (current US$),NY.GDP.PCAP.CD,Trinidad and Tobago,TTO,13871.7982194664
GDP per capita (current US$),NY.GDP.PCAP.CD,Tunisia,TUN,3497.68141046011
GDP per capita (current US$),NY.GDP.PCAP.CD,Turkiye,TUR,8561.07094781987
GDP per capita (current US$),NY.GDP.PCAP.CD,Turkmenistan,TKM,..
GDP per capita (current US$),NY.GDP.PCAP.CD,Turks and Caicos Islands,TCA,20882.2612702141
GDP per capita (current US$),NY.GDP.PCAP.CD,Tuvalu,TUV,4973.77456126816
GDP per capita (current US$),NY.GDP.PCAP.CD,Uganda,UGA,846.767201292225
GDP per capita (current US$),NY.GDP.PCAP.CD,Ukraine,UKR,3751.74072265625
GDP per capita (current US$),NY.GDP.PCAP.CD,United Arab Emirates,ARE,37629.1741687956
GDP per capita (current US$),NY.GDP.PCAP.CD,United Kingdom,GBR,40318.5575660493
GDP per capita (current US$),NY.GDP.PCAP.CD,United States,USA,63530.633483909
GDP per capita (current US$),NY.GDP.PCAP.CD,Uruguay,URY,15619.5426555695
GDP per capita (current US$),NY.GDP.PCAP.CD,Uzbekistan,UZB,1749.65581532206
GDP per capita (current US$),NY.GDP.PCAP.CD,Vanuatu,VUT,2877.52017323582
GDP per capita (current US$),NY.GDP.PCAP.CD,"Venezuela, RB",VEN,..
GDP per capita (current US$),NY.GDP.PCAP.CD,Vietnam,VNM,3586.34730171843
GDP per capita (current US$),NY.GDP.PCAP.CD,Virgin Islands (U.S.),VIR,39552.1685953523
GDP per capita (current US$),NY.GDP.PCAP.CD,West Bank and Gaza,PSE,3233.56863835858
GDP per capita (current US$),NY.GDP.PCAP.CD,"Yemen, Rep.",YEM,..
GDP per capita (current US$),NY.GDP.PCAP.CD,Zambia,ZMB,956.831363865706
GDP per capita (current US$),NY.GDP.PCAP.CD,Zimbabwe,ZWE,1372.69667433317
GDP per capita (current US$),NY.GDP.PCAP.CD,Africa Eastern and Southern,AFE,1363.54074100996
GDP per capita (current US$),NY.GDP.PCAP.CD,Africa Western and Central,AFW,1683.43639098491
GDP per capita (current US$),NY.GDP.PCAP.CD,Arab World,ARB,5545.45524618957
GDP per capita (current US$),NY.GDP.PCAP.CD,Caribbean small states,CSS,8851.42495915636
GDP per capita (current US$),NY.GDP.PCAP.CD,Central Europe and the Baltics,CEB,16293.8000324588
GDP per capita (current US$),NY.GDP.PCAP.CD,Early-demographic dividend,EAR,3215.09292533334
GDP per capita (current US$),NY.GDP.PCAP.CD,East Asia & Pacific,EAS,11475.4625106863
GDP per capita (current US$),NY.GDP.PCAP.CD,East Asia & Pacific (excluding high income),EAP,8262.4792534288
GDP per capita (current US$),NY.GDP.PCAP.CD,East Asia & Pacific (IDA & IBRD countries),TEA,8354.06518215147
GDP per capita (current US$),NY.GDP.PCAP.CD,Euro area,EMU,38159.7299117801
GDP per capita (current US$),NY.GDP.PCAP.CD,Europe & Central Asia,ECS,23984.2787277322
GDP per capita (current US$),NY.GDP.PCAP.CD,Europe & Central Asia (excluding high income),ECA,7441.46530668546
GDP per capita (current US$),NY.GDP.PCAP.CD,Europe & Central Asia (IDA & IBRD countries),TEC,8423.19600153735
GDP per capita (current US$),NY.GDP.PCAP.CD,European Union,EUU,34330.3665256275
GDP per capita (current US$),NY.GDP.PCAP.CD,Fragile and conflict affected situations,FCS,1716.21638516599
GDP per capita (current US$),NY.GDP.PCAP.CD,Heavily indebted poor countries (HIPC),HPC,958.439861836993
GDP per capita (current US$),NY.GDP.PCAP.CD,High income,HIC,43415.6766809454
GDP per capita (current US$),NY.GDP.PCAP.CD,IBRD only,IBD,6149.37060118069
GDP per capita (current US$),NY.GDP.PCAP.CD,IDA & IBRD total,IBT,4888.96620866939
GDP per capita (current US$),NY.GDP.PCAP.CD,IDA blend,IDB,1719.89506474412
GDP per capita (current US$),NY.GDP.PCAP.CD,IDA only,IDX,1156.36967071505
GDP per capita (current US$),NY.GDP.PCAP.CD,IDA total,IDA,1343.28785148776
GDP per capita (current US$),NY.GDP.PCAP.CD,Late-demographic dividend,LTE,9706.8431033298
GDP per capita (current US$),NY.GDP.PCAP.CD,Latin America & Caribbean,LCN,7289.95703684922
GDP per capita (current US$),NY.GDP.PCAP.CD,Latin America & Caribbean (excluding high income),LAC,6789.39264970385
GDP per capita (current US$),NY.GDP.PCAP.CD,Latin America & the Caribbean (IDA & IBRD countries),TLA,7081.44704554668
GDP per capita (current US$),NY.GDP.PCAP.CD,Least developed countries: UN classification,LDC,1095.77064832518
GDP per capita (current US$),NY.GDP.PCAP.CD,Low & middle income,LMY,4723.79886732848
GDP per capita (current US$),NY.GDP.PCAP.CD,Low income,LIC,727.617214412844
GDP per capita (current US$),NY.GDP.PCAP.CD,Lower middle income,LMC,2268.98274570582
GDP per capita (current US$),NY.GDP.PCAP.CD,Middle East & North Africa,MEA,6491.49912763085
GDP per capita (current US$),NY.GDP.PCAP.CD,Middle East & North Africa (excluding high income),MNA,3093.87847282169
GDP per capita (current US$),NY.GDP.PCAP.CD,Middle East & North Africa (IDA & IBRD countries),TMN,3092.20555999448
GDP per capita (current US$),NY.GDP.PCAP.CD,Middle income,MIC,5206.16829542532
GDP per capita (current US$),NY.GDP.PCAP.CD,North America,NAC,61451.9761542648
GDP per capita (current US$),NY.GDP.PCAP.CD,Not classified,INX,..
GDP per capita (current US$),NY.GDP.PCAP.CD,OECD members,OED,38326.8576017416
GDP per capita (current US$),NY.GDP.PCAP.CD,Other small states,OSS,11683.1860582817
GDP per capita (current US$),NY.GDP.PCAP.CD,Pacific island small states,PSS,3707.31058055127
GDP per capita (current US$),NY.GDP.PCAP.CD,Post-demographic dividend,PST,44474.5497503182
GDP per capita (current US$),NY.GDP.PCAP.CD,Pre-demographic dividend,PRE,1337.46415333973
GDP per capita (current US$),NY.GDP.PCAP.CD,Small states,SST,10702.9616881658
GDP per capita (current US$),NY.GDP.PCAP.CD,South Asia,SAS,1852.30008753936
GDP per capita (current US$),NY.GDP.PCAP.CD,South Asia (IDA & IBRD),TSA,1852.30008753936
GDP per capita (current US$),NY.GDP.PCAP.CD,Sub-Saharan Africa,SSF,1493.10069058974
GDP per capita (current US$),NY.GDP.PCAP.CD,Sub-Saharan Africa (excluding high income),SSA,1492.13401817781
GDP per capita (current US$),NY.GDP.PCAP.CD,Sub-Saharan Africa (IDA & IBRD countries),TSS,1493.10069058974
GDP per capita (current US$),NY.GDP.PCAP.CD,Upper middle income,UMC,9157.82001579761
GDP per capita (current US$),NY.GDP.PCAP.CD,World,WLD,10883.0760474916
"Life expectancy at birth, total (years)",SP.DYN.LE00.IN,Afghanistan,AFG,62.575
"Life expectancy at birth, total (years)",SP.DYN.LE00.IN,Albania,ALB,76.989
"Life expectancy at birth, total (years)",SP.DYN.LE00.IN,Algeria,DZA,74.453
"Life expectancy at birth, total (years)",SP.DYN.LE00.IN,American Samoa,ASM,..
"Life expectancy at birth, total (years)",SP.DYN.LE00.IN,Andorra,AND,..
"Life expectancy at birth, total (years)",SP.DYN.LE00.IN,Angola,AGO,62.261
"Life expectancy at birth, total (years)",SP.DYN.LE00.IN,Antigua and Barbuda,ATG,78.841
"Life expectancy at birth, total (years)",SP.DYN.LE00.IN,Argentina,ARG,75.892
"Life expectancy at birth, total (years)",SP.DYN.LE00.IN,Armenia,ARM,72.173
"Life expectancy at birth, total (years)",SP.DYN.LE00.IN,Aruba,ABW,75.723
"Life expectancy at birth, total (years)",SP.DYN.LE00.IN,Australia,AUS,83.2
"Life expectancy at birth, total (years)",SP.DYN.LE00.IN,Austria,AUT,81.1926829268293
"Life expectancy at birth, total (years)",SP.DYN.LE00.IN,Azerbaijan,AZE,66.868
"Life expectancy at birth, total (years)",SP.DYN.LE00.IN,"Bahamas, The",BHS,72.677
"Life expectancy at birth, total (years)",SP.DYN.LE00.IN,Bahrain,BHR,79.174
"Life expectancy at birth, total (years)",SP.DYN.LE00.IN,Bangladesh,BGD,71.968
"Life expectancy at birth, total (years)",SP.DYN.LE00.IN,Barbados,BRB,77.393
"Life expectancy at birth, total (years)",SP.DYN.LE00.IN,Belarus,BLR,74.2268292682927
"Life expectancy at birth, total (years)",SP.DYN.LE00.IN,Belgium,BEL,80.7951219512195
"Life expectancy at birth, total (years)",SP.DYN.LE00.IN,Belize,BLZ,72.854
"Life expectancy at birth, total (years)",SP.DYN.LE00.IN,Benin,BEN,60.088
"Life expectancy at birth, total (years)",SP.DYN.LE00.IN,Bermuda,BMU,82.0560975609756
"Life expectancy at birth, total (years)",SP.DYN.LE00.IN,Bhutan,BTN,71.609
"Life expectancy at birth, total (years)",SP.DYN.LE00.IN,Bolivia,BOL,64.467
"Life expectancy at birth, total (years)",SP.DYN.LE00.IN,Bosnia and Herzegovina,BIH,76.225
"Life expectancy at birth, total (years)",SP.DYN.LE00.IN,Botswana,BWA,65.647
"Life expectancy at birth, total (years)",SP.DYN.LE00.IN,Brazil,BRA,74.009
"Life expectancy at birth, total (years)",SP.DYN.LE00.IN,British Virgin Islands,VGB,75.849
"Life expectancy at birth, total (years)",SP.DYN.LE00.IN,Brunei Darussalam,BRN,74.795
"Life expectancy at birth, total (years)",SP.DYN.LE00.IN,Bulgaria,BGR,73.6073170731707
"Life expectancy at birth, total (years)",SP.DYN.LE00.IN,Burkina Faso,BFA,59.731
"Life expectancy at birth, total (years)",SP.DYN.LE00.IN,Burundi,BDI,61.566
"Life expectancy at birth, total (years)",SP.DYN.LE00.IN,Cabo Verde,CPV,74.808
"Life expectancy at birth, total (years)",SP.DYN.LE00.IN,Cambodia,KHM,70.416
"Life expectancy at birth, total (years)",SP.DYN.LE00.IN,Cameroon,CMR,60.833
"Life expectancy at birth, total (years)",SP.DYN.LE00.IN,Canada,CAN,81.7487804878049
"Life expectancy at birth, total (years)",SP.DYN.LE00.IN,Cayman Islands,CYM,..
"Life expectancy at birth, total (years)",SP.DYN.LE00.IN,Central African Republic,CAF,54.604
"Life expectancy at birth, total (years)",SP.DYN.LE00.IN,Chad,TCD,52.777
"Life expectancy at birth, total (years)",SP.DYN.LE00.IN,Channel Islands,CHI,81.264
"Life expectancy at birth, total (years)",SP.DYN.LE00.IN,Chile,CHL,79.377
"Life expectancy at birth, total (years)",SP.DYN.LE00.IN,China,CHN,78.077
"Life expectancy at birth, total (years)",SP.DYN.LE00.IN,Colombia,COL,74.769
"Life expectancy at birth, total (years)",SP.DYN.LE00.IN,Comoros,COM,64.166
"Life expectancy at birth, total (years)",SP.DYN.LE00.IN,"Congo, Dem. Rep.",COD,59.739
"Life expectancy at birth, total (years)",SP.DYN.LE00.IN,"Congo, Rep.",COG,63.785
"Life expectancy at birth, total (years)",SP.DYN.LE00.IN,Costa Rica,CRI,79.277
"Life expectancy at birth, total (years)",SP.DYN.LE00.IN,Cote d'Ivoire,CIV,59.032
"Life expectancy at birth, total (years)",SP.DYN.LE00.IN,Croatia,HRV,77.7243902439024
"Life expectancy at birth, total (years)",SP.DYN.LE00.IN,Cuba,CUB,77.567
"Life expectancy at birth, total (years)",SP.DYN.LE00.IN,Curacao,CUW,..
"Life expectancy at birth, total (years)",SP.DYN.LE00.IN,Cyprus,CYP,81.391
"Life expectancy at birth, total (years)",SP.DYN.LE00.IN,Czechia,CZE,78.2268292682927
"Life expectancy at birth, total (years)",SP.DYN.LE00.IN,Denmark,DNK,81.5512195121951
"Life expectancy at birth, total (years)",SP.DYN.LE00.IN,Djibouti,DJI,62.694
"Life expectancy at birth, total (years)",SP.DYN.LE00.IN,Dominica,DMA,..
"Life expectancy at birth, total (years)",SP.DYN.LE00.IN,Dominican Republic,DOM,72.889
"Life expectancy at birth, total (years)",SP.DYN.LE00.IN,Ecuador,ECU,72.153
"Life expectancy at birth, total (years)",SP.DYN.LE00.IN,"Egypt, Arab Rep.",EGY,70.99
"Life expectancy at birth, total (years)",SP.DYN.LE00.IN,El Salvador,SLV,71.061
"Life expectancy at birth, total (years)",SP.DYN.LE00.IN,Equatorial Guinea,GNQ,60.708
"Life expectancy at birth, total (years)",SP.DYN.LE00.IN,Eritrea,ERI,67.133
"Life expectancy at birth, total (years)",SP.DYN.LE00.IN,Estonia,EST,78.3463414634146
"Life expectancy at birth, total (years)",SP.DYN.LE00.IN,Eswatini,SWZ,59.692
"Life expectancy at birth, total (years)",SP.DYN.LE00.IN,Ethiopia,ETH,65.371
"Life expectancy at birth, total (years)",SP.DYN.LE00.IN,Faroe Islands,FRO,83.0926829268293
"Life expectancy at birth, total (years)",SP.DYN.LE00.IN,Fiji,FJI,67.924
"Life expectancy at birth, total (years)",SP.DYN.LE00.IN,Finland,FIN,82.1317073170732
"Life expectancy at birth, total (years)",SP.DYN.LE00.IN,France,FRA,82.1756097560976
"Life expectancy at birth, total (years)",SP.DYN.LE00.IN,French Polynesia,PYF,82.217
"Life expectancy at birth, total (years)",SP.DYN.LE00.IN,Gabon,GAB,66.531
"Life expectancy at birth, total (years)",SP.DYN.LE00.IN,"Gambia, The",GMB,62.612
"Life expectancy at birth, total (years)",SP.DYN.LE00.IN,Georgia,GEO,72.765
"Life expectancy at birth, total (years)",SP.DYN.LE00.IN,Germany,DEU,80.9414634146342
"Life expectancy at birth, total (years)",SP.DYN.LE00.IN,Ghana,GHA,64.114
"Life expectancy at birth, total (years)",SP.DYN.LE00.IN,Gibraltar,GIB,82.198
"Life expectancy at birth, total (years)",SP.DYN.LE00.IN,Greece,GRC,81.0878048780488
"Life expectancy at birth, total (years)",SP.DYN.LE00.IN,Greenland,GRL,71.4046341463415
"Life expectancy at birth, total (years)",SP.DYN.LE00.IN,Grenada,GRD,74.924
"Life expectancy at birth, total (years)",SP.DYN.LE00.IN,Guam,GUM,76.612
"Life expectancy at birth, total (years)",SP.DYN.LE00.IN,Guatemala,GTM,71.797
"Life expectancy at birth, total (years)",SP.DYN.LE00.IN,Guinea,GIN,59.327
"Life expectancy at birth, total (years)",SP.DYN.LE00.IN,Guinea-Bissau,GNB,59.999
"Life expectancy at birth, total (years)",SP.DYN.LE00.IN,Guyana,GUY,68.486
"Life expectancy at birth, total (years)",SP.DYN.LE00.IN,Haiti,HTI,64.052
"Life expectancy at birth, total (years)",SP.DYN.LE00.IN,Honduras,HND,71.462
"Life expectancy at birth, total (years)",SP.DYN.LE00.IN,"Hong Kong SAR, China",HKG,85.3878048780488
"Life expectancy at birth, total (years)",SP.DYN.LE00.IN,Hungary,HUN,75.6170731707317
"Life expectancy at birth, total (years)",SP.DYN.LE00.IN,Iceland,ISL,83.0658536585366
"Life expectancy at birth, total (years)",SP.DYN.LE00.IN,India,IND,70.15
"Life expectancy at birth, total (years)",SP.DYN.LE00.IN,Indonesia,IDN,68.808
"Life expectancy at birth, total (years)",SP.DYN.LE00.IN,"Iran, Islamic Rep.",IRN,74.832
"Life expectancy at birth, total (years)",SP.DYN.LE00.IN,Iraq,IRQ,69.123
"Life expectancy at birth, total (years)",SP.DYN.LE00.IN,Ireland,IRL,82.2048780487805
"Life expectancy at birth, total (years)",SP.DYN.LE00.IN,Isle of Man,IMN,80.588
"Life expectancy at birth, total (years)",SP.DYN.LE00.IN,Israel,ISR,82.7
"Life expectancy at birth, total (years)",SP.DYN.LE00.IN,Italy,ITA,82.3439024390244
"Life expectancy at birth, total (years)",SP.DYN.LE00.IN,Jamaica,JAM,71.869
"Life expectancy at birth, total (years)",SP.DYN.LE00.IN,Japan,JPN,84.6156097560976
"Life expectancy at birth, total (years)",SP.DYN.LE00.IN,Jordan,JOR,75.184
"Life expectancy at birth, total (years)",SP.DYN.LE00.IN,Kazakhstan,KAZ,71.37
"Life expectancy at birth, total (years)",SP.DYN.LE00.IN,Kenya,KEN,62.675
"Life expectancy at birth, total (years)",SP.DYN.LE00.IN,Kiribati,KIR,67.266
"Life expectancy at birth, total (years)",SP.DYN.LE00.IN,"Korea, Dem. People's Rep.",PRK,73.274
"Life expectancy at birth, total (years)",SP.DYN.LE00.IN,"Korea, Rep.",KOR,83.4268292682927
"Life expectancy at birth, total (years)",SP.DYN.LE00.IN,Kosovo,XKX,76.567
"Life expectancy at birth, total (years)",SP.DYN.LE00.IN,Kuwait,KWT,76.92
"Life expectancy at birth, total (years)",SP.DYN.LE00.IN,Kyrgyz Republic,KGZ,71.8
"Life expectancy at birth, total (years)",SP.DYN.LE00.IN,Lao PDR,LAO,68.497
"Life expectancy at birth, total (years)",SP.DYN.LE00.IN,Latvia,LVA,75.3878048780488
"Life expectancy at birth, total (years)",SP.DYN.LE00.IN,Lebanon,LBN,77.804
"Life expectancy at birth, total (years)",SP.DYN.LE00.IN,Lesotho,LSO,54.693
"Life expectancy at birth, total (years)",SP.DYN.LE00.IN,Liberia,LBR,60.948
"Life expectancy at birth, total (years)",SP.DYN.LE00.IN,Libya,LBY,72.472
"Life expectancy at birth, total (years)",SP.DYN.LE00.IN,Liechtenstein,LIE,81.8073170731707
"Life expectancy at birth, total (years)",SP.DYN.LE00.IN,Lithuania,LTU,74.9292682926829
"Life expectancy at birth, total (years)",SP.DYN.LE00.IN,Luxembourg,LUX,81.7414634146342
"Life expectancy at birth, total (years)",SP.DYN.LE00.IN,"Macao SAR, China",MAC,85.184
"Life expectancy at birth, total (years)",SP.DYN.LE00.IN,Madagascar,MDG,65.182
"Life expectancy at birth, total (years)",SP.DYN.LE00.IN,Malawi,MWI,63.717
"Life expectancy at birth, total (years)",SP.DYN.LE00.IN,Malaysia,MYS,75.938
"Life expectancy at birth, total (years)",SP.DYN.LE00.IN,Maldives,MDV,79.875
"Life expectancy at birth, total (years)",SP.DYN.LE00.IN,Mali,MLI,58.633
"Life expectancy at birth, total (years)",SP.DYN.LE00.IN,Malta,MLT,82.6536585365854
"Life expectancy at birth, total (years)",SP.DYN.LE00.IN,Marshall Islands,MHL,..
"Life expectancy at birth, total (years)",SP.DYN.LE00.IN,Mauritania,MRT,64.532
"Life expectancy at birth, total (years)",SP.DYN.LE00.IN,Mauritius,MUS,74.1770731707317
"Life expectancy at birth, total (years)",SP.DYN.LE00.IN,Mexico,MEX,70.133
"Life expectancy at birth, total (years)",SP.DYN.LE00.IN,"Micronesia, Fed. Sts.",FSM,70.674
"Life expectancy at birth, total (years)",SP.DYN.LE00.IN,Moldova,MDA,70.166
"Life expectancy at birth, total (years)",SP.DYN.LE00.IN,Monaco,MCO,..
"Life expectancy at birth, total (years)",SP.DYN.LE00.IN,Mongolia,MNG,72.141
"Life expectancy at birth, total (years)",SP.DYN.LE00.IN,Montenegro,MNE,75.9317073170732
"Life expectancy at birth, total (years)",SP.DYN.LE00.IN,Morocco,MAR,73.92
"Life expectancy at birth, total (years)",SP.DYN.LE00.IN,Mozambique,MOZ,61.172
"Life expectancy at birth, total (years)",SP.DYN.LE00.IN,Myanmar,MMR,66.797
"Life expectancy at birth, total (years)",SP.DYN.LE00.IN,Namibia,NAM,62.829
"Life expectancy at birth, total (years)",SP.DYN.LE00.IN,Nauru,NRU,..
"Life expectancy at birth, total (years)",SP.DYN.LE00.IN,Nepal,NPL,69.246
"Life expectancy at birth, total (years)",SP.DYN.LE00.IN,Netherlands,NLD,81.409756097561
"Life expectancy at birth, total (years)",SP.DYN.LE00.IN,New Caledonia,NCL,80.8349512195122
"Life expectancy at birth, total (years)",SP.DYN.LE00.IN,New Zealand,NZL,82.0560975609756
"Life expectancy at birth, total (years)",SP.DYN.LE00.IN,Nicaragua,NIC,71.795
"Life expectancy at birth, total (years)",SP.DYN.LE00.IN,Niger,NER,61.451
"Life expectancy at birth, total (years)",SP.DYN.LE00.IN,Nigeria,NGA,52.887
"Life expectancy at birth, total (years)",SP.DYN.LE00.IN,North Macedonia,MKD,75.6931707317073
"Life expectancy at birth, total (years)",SP.DYN.LE00.IN,Northern Mariana Islands,MNP,..
"Life expectancy at birth, total (years)",SP.DYN.LE00.IN,Norway,NOR,83.209756097561
"Life expectancy at birth, total (years)",SP.DYN.LE00.IN,Oman,OMN,74.757
"Life expectancy at birth, total (years)",SP.DYN.LE00.IN,Pakistan,PAK,66.269
"Life expectancy at birth, total (years)",SP.DYN.LE00.IN,Palau,PLW,..
"Life expectancy at birth, total (years)",SP.DYN.LE00.IN,Panama,PAN,76.657
"Life expectancy at birth, total (years)",SP.DYN.LE00.IN,Papua New Guinea,PNG,65.787
"Life expectancy at birth, total (years)",SP.DYN.LE00.IN,Paraguay,PRY,73.182
"Life expectancy at birth, total (years)",SP.DYN.LE00.IN,Peru,PER,73.665
"Life expectancy at birth, total (years)",SP.DYN.LE00.IN,Philippines,PHL,72.119
"Life expectancy at birth, total (years)",SP.DYN.LE00.IN,Poland,POL,76.6
"Life expectancy at birth, total (years)",SP.DYN.LE00.IN,Portugal,PRT,80.9756097560976
"Life expectancy at birth, total (years)",SP.DYN.LE00.IN,Puerto Rico,PRI,78.041
"Life expectancy at birth, total (years)",SP.DYN.LE00.IN,Qatar,QAT,79.099
"Life expectancy at birth, total (years)",SP.DYN.LE00.IN,Romania,ROU,74.3536585365854
"Life expectancy at birth, total (years)",SP.DYN.LE00.IN,Russian Federation,RUS,71.3387804878049
"Life expectancy at birth, total (years)",SP.DYN.LE00.IN,Rwanda,RWA,66.774
"Life expectancy at birth, total (years)",SP.DYN.LE00.IN,Samoa,WSM,72.768
"Life expectancy at birth, total (years)",SP.DYN.LE00.IN,San Marino,SMR,..
"Life expectancy at birth, total (years)",SP.DYN.LE00.IN,Sao Tome and Principe,STP,67.785
"Life expectancy at birth, total (years)",SP.DYN.LE00.IN,Saudi Arabia,SAU,76.239
"Life expectancy at birth, total (years)",SP.DYN.LE00.IN,Senegal,SEN,68.006
"Life expectancy at birth, total (years)",SP.DYN.LE00.IN,Serbia,SRB,74.2292682926829
"Life expectancy at birth, total (years)",SP.DYN.LE00.IN,Seychelles,SYC,77.2365853658537
"Life expectancy at birth, total (years)",SP.DYN.LE00.IN,Sierra Leone,SLE,59.763
"Life expectancy at birth, total (years)",SP.DYN.LE00.IN,Singapore,SGP,83.7439024390244
"Life expectancy at birth, total (years)",SP.DYN.LE00.IN,Sint Maarten (Dutch part),SXM,..
"Life expectancy at birth, total (years)",SP.DYN.LE00.IN,Slovak Republic,SVK,76.8658536585366
"Life expectancy at birth, total (years)",SP.DYN.LE00.IN,Slovenia,SVN,80.5317073170732
"Life expectancy at birth, total (years)",SP.DYN.LE00.IN,Solomon Islands,SLB,70.199
"Life expectancy at birth, total (years)",SP.DYN.LE00.IN,Somalia,SOM,55.967
"Life expectancy at birth, total (years)",SP.DYN.LE00.IN,South Africa,ZAF,65.252
"Life expectancy at birth, total (years)",SP.DYN.LE00.IN,South Sudan,SSD,55.48
"Life expectancy at birth, total (years)",SP.DYN.LE00.IN,Spain,ESP,82.3341463414634
"Life expectancy at birth, total (years)",SP.DYN.LE00.IN,Sri Lanka,LKA,76.393
"Life expectancy at birth, total (years)",SP.DYN.LE00.IN,St. Kitts and Nevis,KNA,..
"Life expectancy at birth, total (years)",SP.DYN.LE00.IN,St. Lucia,LCA,73.416
"Life expectancy at birth, total (years)",SP.DYN.LE00.IN,St. Martin (French part),MAF,80.149
"Life expectancy at birth, total (years)",SP.DYN.LE00.IN,St. Vincent and the Grenadines,VCT,72.126
"Life expectancy at birth, total (years)",SP.DYN.LE00.IN,Sudan,SDN,65.614
"Life expectancy at birth, total (years)",SP.DYN.LE00.IN,Suriname,SUR,72.561
"Life expectancy at birth, total (years)",SP.DYN.LE00.IN,Sweden,SWE,82.4073170731707
"Life expectancy at birth, total (years)",SP.DYN.LE00.IN,Switzerland,CHE,83.1
"Life expectancy at birth, total (years)",SP.DYN.LE00.IN,Syrian Arab Republic,SYR,72.14
"Life expectancy at birth, total (years)",SP.DYN.LE00.IN,Tajikistan,TJK,67.994
"Life expectancy at birth, total (years)",SP.DYN.LE00.IN,Tanzania,TZA,66.408
"Life expectancy at birth, total (years)",SP.DYN.LE00.IN,Thailand,THA,79.274
"Life expectancy at birth, total (years)",SP.DYN.LE00.IN,Timor-Leste,TLS,68.475
"Life expectancy at birth, total (years)",SP.DYN.LE00.IN,Togo,TGO,61.035
"Life expectancy at birth, total (years)",SP.DYN.LE00.IN,Tonga,TON,70.928
"Life expectancy at birth, total (years)",SP.DYN.LE00.IN,Trinidad and Tobago,TTO,74.406
"Life expectancy at birth, total (years)",SP.DYN.LE00.IN,Tunisia,TUN,75.292
"Life expectancy at birth, total (years)",SP.DYN.LE00.IN,Turkiye,TUR,75.85
"Life expectancy at birth, total (years)",SP.DYN.LE00.IN,Turkmenistan,TKM,68.687
"Life expectancy at birth, total (years)",SP.DYN.LE00.IN,Turks and Caicos Islands,TCA,75.001
"Life expectancy at birth, total (years)",SP.DYN.LE00.IN,Tuvalu,TUV,64.382
"Life expectancy at birth, total (years)",SP.DYN.LE00.IN,Uganda,UGA,62.851
"Life expectancy at birth, total (years)",SP.DYN.LE00.IN,Ukraine,UKR,71.1851219512195
"Life expectancy at birth, total (years)",SP.DYN.LE00.IN,United Arab Emirates,ARE,78.946
"Life expectancy at birth, total (years)",SP.DYN.LE00.IN,United Kingdom,GBR,80.9024390243903
"Life expectancy at birth, total (years)",SP.DYN.LE00.IN,United States,USA,77.2804878048781
"Life expectancy at birth, total (years)",SP.DYN.LE00.IN,Uruguay,URY,78.43
"Life expectancy at birth, total (years)",SP.DYN.LE00.IN,Uzbekistan,UZB,70.331
"Life expectancy at birth, total (years)",SP.DYN.LE00.IN,Vanuatu,VUT,70.299
"Life expectancy at birth, total (years)",SP.DYN.LE00.IN,"Venezuela, RB",VEN,71.095
"Life expectancy at birth, total (years)",SP.DYN.LE00.IN,Vietnam,VNM,75.378
"Life expectancy at birth, total (years)",SP.DYN.LE00.IN,Virgin Islands (U.S.),VIR,79.819512195122
"Life expectancy at birth, total (years)",SP.DYN.LE00.IN,West Bank and Gaza,PSE,74.403
"Life expectancy at birth, total (years)",SP.DYN.LE00.IN,"Yemen, Rep.",YEM,64.65
"Life expectancy at birth, total (years)",SP.DYN.LE00.IN,Zambia,ZMB,62.38
"Life expectancy at birth, total (years)",SP.DYN.LE00.IN,Zimbabwe,ZWE,61.124
"Life expectancy at birth, total (years)",SP.DYN.LE00.IN,Africa Eastern and Southern,AFE,63.3138559861117
"Life expectancy at birth, total (years)",SP.DYN.LE00.IN,Africa Western and Central,AFW,57.2263727312399
"Life expectancy at birth, total (years)",SP.DYN.LE00.IN,Arab World,ARB,70.9233595872331
"Life expectancy at birth, total (years)",SP.DYN.LE00.IN,Caribbean small states,CSS,72.5748824441501
"Life expectancy at birth, total (years)",SP.DYN.LE00.IN,Central Europe and the Baltics,CEB,76.1440342769168
"Life expectancy at birth, total (years)",SP.DYN.LE00.IN,Early-demographic dividend,EAR,70.0301281204141
"Life expectancy at birth, total (years)",SP.DYN.LE00.IN,East Asia & Pacific,EAS,76.7626813353234
"Life expectancy at birth, total (years)",SP.DYN.LE00.IN,East Asia & Pacific (excluding high income),EAP,75.9362494445958
"Life expectancy at birth, total (years)",SP.DYN.LE00.IN,East Asia & Pacific (IDA & IBRD countries),TEA,75.9691924258149
"Life expectancy at birth, total (years)",SP.DYN.LE00.IN,Euro area,EMU,81.537121911795
"Life expectancy at birth, total (years)",SP.DYN.LE00.IN,Europe & Central Asia,ECS,77.0253239943765
"Life expectancy at birth, total (years)",SP.DYN.LE00.IN,Europe & Central Asia (excluding high income),ECA,72.2596184664053
"Life expectancy at birth, total (years)",SP.DYN.LE00.IN,Europe & Central Asia (IDA & IBRD countries),TEC,72.7508448722839
"Life expectancy at birth, total (years)",SP.DYN.LE00.IN,European Union,EUU,80.465036669156
"Life expectancy at birth, total (years)",SP.DYN.LE00.IN,Fragile and conflict affected situations,FCS,61.7595609879609
"Life expectancy at birth, total (years)",SP.DYN.LE00.IN,Heavily indebted poor countries (HIPC),HPC,62.7617201814617
"Life expectancy at birth, total (years)",SP.DYN.LE00.IN,High income,HIC,80.2084048652925
"Life expectancy at birth, total (years)",SP.DYN.LE00.IN,IBRD only,IBD,73.3979357648895
"Life expectancy at birth, total (years)",SP.DYN.LE00.IN,IDA & IBRD total,IBT,70.8255067290586
"Life expectancy at birth, total (years)",SP.DYN.LE00.IN,IDA blend,IDB,61.0047255204556
"Life expectancy at birth, total (years)",SP.DYN.LE00.IN,IDA only,IDX,64.8918250280166
"Life expectancy at birth, total (years)",SP.DYN.LE00.IN,IDA total,IDA,63.5890406286563
"Life expectancy at birth, total (years)",SP.DYN.LE00.IN,Late-demographic dividend,LTE,76.7250620203879
"Life expectancy at birth, total (years)",SP.DYN.LE00.IN,Latin America & Caribbean,LCN,73.0384092692938
"Life expectancy at birth, total (years)",SP.DYN.LE00.IN,Latin America & Caribbean (excluding high income),LAC,72.8303132346882
"Life expectancy at birth, total (years)",SP.DYN.LE00.IN,Latin America & the Caribbean (IDA & IBRD countries),TLA,72.927970715721
"Life expectancy at birth, total (years)",SP.DYN.LE00.IN,Least developed countries: UN classification,LDC,64.6347427935938
"Life expectancy at birth, total (years)",SP.DYN.LE00.IN,Low & middle income,LMY,70.7661770667179
"Life expectancy at birth, total (years)",SP.DYN.LE00.IN,Low income,LIC,62.8704681172108
"Life expectancy at birth, total (years)",SP.DYN.LE00.IN,Lower middle income,LMC,68.6352093572576
"Life expectancy at birth, total (years)",SP.DYN.LE00.IN,Middle East & North Africa,MEA,72.9510790612141
"Life expectancy at birth, total (years)",SP.DYN.LE00.IN,Middle East & North Africa (excluding high income),MNA,72.1726969965726
"Life expectancy at birth, total (years)",SP.DYN.LE00.IN,Middle East & North Africa (IDA & IBRD countries),TMN,72.1463761984205
"Life expectancy at birth, total (years)",SP.DYN.LE00.IN,Middle income,MIC,71.7095062005603
"Life expectancy at birth, total (years)",SP.DYN.LE00.IN,North America,NAC,77.7411628196422
"Life expectancy at birth, total (years)",SP.DYN.LE00.IN,Not classified,INX,..
"Life expectancy at birth, total (years)",SP.DYN.LE00.IN,OECD members,OED,79.0085241095494
"Life expectancy at birth, total (years)",SP.DYN.LE00.IN,Other small states,OSS,68.2501841188187
"Life expectancy at birth, total (years)",SP.DYN.LE00.IN,Pacific island small states,PSS,69.4706100655444
"Life expectancy at birth, total (years)",SP.DYN.LE00.IN,Post-demographic dividend,PST,80.1474817225743
"Life expectancy at birth, total (years)",SP.DYN.LE00.IN,Pre-demographic dividend,PRE,60.2495318388733
"Life expectancy at birth, total (years)",SP.DYN.LE00.IN,Small states,SST,69.0736465242542
"Life expectancy at birth, total (years)",SP.DYN.LE00.IN,South Asia,SAS,69.7483309161325
"Life expectancy at birth, total (years)",SP.DYN.LE00.IN,South Asia (IDA & IBRD),TSA,69.7483309161325
"Life expectancy at birth, total (years)",SP.DYN.LE00.IN,Sub-Saharan Africa,SSF,60.8488912524736
"Life expectancy at birth, total (years)",SP.DYN.LE00.IN,Sub-Saharan Africa (excluding high income),SSA,60.8474896190048
"Life expectancy at birth, total (years)",SP.DYN.LE00.IN,Sub-Saharan Africa (IDA & IBRD countries),TSS,60.8488912524737
"Life expectancy at birth, total (years)",SP.DYN.LE00.IN,Upper middle income,UMC,75.845914916748
"Life expectancy at birth, total (years)",SP.DYN.LE00.IN,World,WLD,72.2650112702741
Adjusted net national income (current US$),NY.ADJ.NNTY.CD,Afghanistan,AFG,18515111650.4997
Adjusted net national income (current US$),NY.ADJ.NNTY.CD,Albania,ALB,11942964386.2708
Adjusted net national income (current US$),NY.ADJ.NNTY.CD,Algeria,DZA,119936744560.463
Adjusted net national income (current US$),NY.ADJ.NNTY.CD,American Samoa,ASM,..
Adjusted net national income (current US$),NY.ADJ.NNTY.CD,Andorra,AND,..
Adjusted net national income (current US$),NY.ADJ.NNTY.CD,Angola,AGO,36901999782.6626
Adjusted net national income (current US$),NY.ADJ.NNTY.CD,Antigua and Barbuda,ATG,..
Adjusted net national income (current US$),NY.ADJ.NNTY.CD,Argentina,ARG,327255215138.132
Adjusted net national income (current US$),NY.ADJ.NNTY.CD,Armenia,ARM,10692827285.4571
Adjusted net national income (current US$),NY.ADJ.NNTY.CD,Aruba,ABW,..
Adjusted net national income (current US$),NY.ADJ.NNTY.CD,Australia,AUS,1031357476918.74
Adjusted net national income (current US$),NY.ADJ.NNTY.CD,Austria,AUT,346404129309.739
Adjusted net national income (current US$),NY.ADJ.NNTY.CD,Azerbaijan,AZE,35223025022.515
Adjusted net national income (current US$),NY.ADJ.NNTY.CD,"Bahamas, The",BHS,8810633686.21029
Adjusted net national income (current US$),NY.ADJ.NNTY.CD,Bahrain,BHR,26245086411.2323
Adjusted net national income (current US$),NY.ADJ.NNTY.CD,Bangladesh,BGD,334746651039.415
Adjusted net national income (current US$),NY.ADJ.NNTY.CD,Barbados,BRB,3736790368.54274
Adjusted net national income (current US$),NY.ADJ.NNTY.CD,Belarus,BLR,48291021805.109
Adjusted net national income (current US$),NY.ADJ.NNTY.CD,Belgium,BEL,421257871277.035
Adjusted net national income (current US$),NY.ADJ.NNTY.CD,Belize,BLZ,1280228770.46902
Adjusted net national income (current US$),NY.ADJ.NNTY.CD,Benin,BEN,13740430754.8485
Adjusted net national income (current US$),NY.ADJ.NNTY.CD,Bermuda,BMU,..
Adjusted net national income (current US$),NY.ADJ.NNTY.CD,Bhutan,BTN,1915584350.97858
Adjusted net national income (current US$),NY.ADJ.NNTY.CD,Bolivia,BOL,31243756925.7298
Adjusted net national income (current US$),NY.ADJ.NNTY.CD,Bosnia and Herzegovina,BIH,16598550968.4722
Adjusted net national income (current US$),NY.ADJ.NNTY.CD,Botswana,BWA,11794929188.8705
Adjusted net national income (current US$),NY.ADJ.NNTY.CD,Brazil,BRA,1233087917414.15
Adjusted net national income (current US$),NY.ADJ.NNTY.CD,British Virgin Islands,VGB,..
Adjusted net national income (current US$),NY.ADJ.NNTY.CD,Brunei Darussalam,BRN,9770035506.9247
Adjusted net national income (current US$),NY.ADJ.NNTY.CD,Bulgaria,BGR,58523777565.2601
Adjusted net national income (current US$),NY.ADJ.NNTY.CD,Burkina Faso,BFA,14663660244.0375
Adjusted net national income (current US$),NY.ADJ.NNTY.CD,Burundi,BDI,2063862336.34755
Adjusted net national income (current US$),NY.ADJ.NNTY.CD,Cabo Verde,CPV,1438860795.20021
Adjusted net national income (current US$),NY.ADJ.NNTY.CD,Cambodia,KHM,22065187042.6614
Adjusted net national income (current US$),NY.ADJ.NNTY.CD,Cameroon,CMR,33692622626.1273
Adjusted net national income (current US$),NY.ADJ.NNTY.CD,Canada,CAN,1332263446826.39
Adjusted net national income (current US$),NY.ADJ.NNTY.CD,Cayman Islands,CYM,..
Adjusted net national income (current US$),NY.ADJ.NNTY.CD,Central African Republic,CAF,1936268401.13301
Adjusted net national income (current US$),NY.ADJ.NNTY.CD,Chad,TCD,7507553247.47557
Adjusted net national income (current US$),NY.ADJ.NNTY.CD,Channel Islands,CHI,..
Adjusted net national income (current US$),NY.ADJ.NNTY.CD,Chile,CHL,197885542745.077
Adjusted net national income (current US$),NY.ADJ.NNTY.CD,China,CHN,10685246891554.6
Adjusted net national income (current US$),NY.ADJ.NNTY.CD,Colombia,COL,227403542237.101
Adjusted net national income (current US$),NY.ADJ.NNTY.CD,Comoros,COM,1109371109.89833
Adjusted net national income (current US$),NY.ADJ.NNTY.CD,"Congo, Dem. Rep.",COD,38692877464.5508
Adjusted net national income (current US$),NY.ADJ.NNTY.CD,"Congo, Rep.",COG,3928807446.78676
Adjusted net national income (current US$),NY.ADJ.NNTY.CD,Costa Rica,CRI,54509217554.9785
Adjusted net national income (current US$),NY.ADJ.NNTY.CD,Cote d'Ivoire,CIV,57263296069.9348
Adjusted net national income (current US$),NY.ADJ.NNTY.CD,Croatia,HRV,49110186108.0055
Adjusted net national income (current US$),NY.ADJ.NNTY.CD,Cuba,CUB,..
Adjusted net national income (current US$),NY.ADJ.NNTY.CD,Curacao,CUW,..
Adjusted net national income (current US$),NY.ADJ.NNTY.CD,Cyprus,CYP,20121095278.8857
Adjusted net national income (current US$),NY.ADJ.NNTY.CD,Czechia,CZE,183713536641.816
Adjusted net national income (current US$),NY.ADJ.NNTY.CD,Denmark,DNK,307118758023.495
Adjusted net national income (current US$),NY.ADJ.NNTY.CD,Djibouti,DJI,2921776635.34316
Adjusted net national income (current US$),NY.ADJ.NNTY.CD,Dominica,DMA,440043846.047407
Adjusted net national income (current US$),NY.ADJ.NNTY.CD,Dominican Republic,DOM,69413648361.4361
Adjusted net national income (current US$),NY.ADJ.NNTY.CD,Ecuador,ECU,73821637107.6124
Adjusted net national income (current US$),NY.ADJ.NNTY.CD,"Egypt, Arab Rep.",EGY,324776875974.619
Adjusted net national income (current US$),NY.ADJ.NNTY.CD,El Salvador,SLV,19685112714.2066
Adjusted net national income (current US$),NY.ADJ.NNTY.CD,Equatorial Guinea,GNQ,4468538385.68199
Adjusted net national income (current US$),NY.ADJ.NNTY.CD,Eritrea,ERI,..
Adjusted net national income (current US$),NY.ADJ.NNTY.CD,Estonia,EST,25797301463.3627
Adjusted net national income (current US$),NY.ADJ.NNTY.CD,Eswatini,SWZ,2935816040.04954
Adjusted net national income (current US$),NY.ADJ.NNTY.CD,Ethiopia,ETH,92857766398.1746
Adjusted net national income (current US$),NY.ADJ.NNTY.CD,Faroe Islands,FRO,..
Adjusted net national income (current US$),NY.ADJ.NNTY.CD,Fiji,FJI,3634082788.61773
Adjusted net national income (current US$),NY.ADJ.NNTY.CD,Finland,FIN,220995965102.331
Adjusted net national income (current US$),NY.ADJ.NNTY.CD,France,FRA,2140780015515.96
Adjusted net national income (current US$),NY.ADJ.NNTY.CD,French Polynesia,PYF,..
Adjusted net national income (current US$),NY.ADJ.NNTY.CD,Gabon,GAB,9653925697.21165
Adjusted net national income (current US$),NY.ADJ.NNTY.CD,"Gambia, The",GMB,1441628143.4892
Adjusted net national income (current US$),NY.ADJ.NNTY.CD,Georgia,GEO,12720459834.7052
Adjusted net national income (current US$),NY.ADJ.NNTY.CD,Germany,DEU,3195511864920.2
Adjusted net national income (current US$),NY.ADJ.NNTY.CD,Ghana,GHA,58310998298.2404
Adjusted net national income (current US$),NY.ADJ.NNTY.CD,Gibraltar,GIB,..
Adjusted net national income (current US$),NY.ADJ.NNTY.CD,Greece,GRC,157851496052.798
Adjusted net national income (current US$),NY.ADJ.NNTY.CD,Greenland,GRL,..
Adjusted net national income (current US$),NY.ADJ.NNTY.CD,Grenada,GRD,..
Adjusted net national income (current US$),NY.ADJ.NNTY.CD,Guam,GUM,..
Adjusted net national income (current US$),NY.ADJ.NNTY.CD,Guatemala,GTM,66643726740.95
Adjusted net national income (current US$),NY.ADJ.NNTY.CD,Guinea,GIN,12082621148.3266
Adjusted net national income (current US$),NY.ADJ.NNTY.CD,Guinea-Bissau,GNB,1237840560.71118
Adjusted net national income (current US$),NY.ADJ.NNTY.CD,Guyana,GUY,3550709873.90339
Adjusted net national income (current US$),NY.ADJ.NNTY.CD,Haiti,HTI,13625392396.9198
Adjusted net national income (current US$),NY.ADJ.NNTY.CD,Honduras,HND,21103947752.0621
Adjusted net national income (current US$),NY.ADJ.NNTY.CD,"Hong Kong SAR, China",HKG,..
Adjusted net national income (current US$),NY.ADJ.NNTY.CD,Hungary,HUN,124370946543.768
Adjusted net national income (current US$),NY.ADJ.NNTY.CD,Iceland,ISL,17607586400.4223
Adjusted net national income (current US$),NY.ADJ.NNTY.CD,India,IND,2322110843170.26
Adjusted net national income (current US$),NY.ADJ.NNTY.CD,Indonesia,IDN,845734575700.635
Adjusted net national income (current US$),NY.ADJ.NNTY.CD,"Iran, Islamic Rep.",IRN,153713761006.636
Adjusted net national income (current US$),NY.ADJ.NNTY.CD,Iraq,IRQ,129611037478.282
Adjusted net national income (current US$),NY.ADJ.NNTY.CD,Ireland,IRL,206727928226.541
Adjusted net national income (current US$),NY.ADJ.NNTY.CD,Isle of Man,IMN,..
Adjusted net national income (current US$),NY.ADJ.NNTY.CD,Israel,ISR,345983129641.516
Adjusted net national income (current US$),NY.ADJ.NNTY.CD,Italy,ITA,1544598923897.91
Adjusted net national income (current US$),NY.ADJ.NNTY.CD,Jamaica,JAM,12421957715.0475
Adjusted net national income (current US$),NY.ADJ.NNTY.CD,Japan,JPN,3940632869768.95
Adjusted net national income (current US$),NY.ADJ.NNTY.CD,Jordan,JOR,41462946261.7799
Adjusted net national income (current US$),NY.ADJ.NNTY.CD,Kazakhstan,KAZ,125764852860.434
Adjusted net national income (current US$),NY.ADJ.NNTY.CD,Kenya,KEN,82882485041.3124
Adjusted net national income (current US$),NY.ADJ.NNTY.CD,Kiribati,KIR,334165519.759841
Adjusted net national income (current US$),NY.ADJ.NNTY.CD,"Korea, Dem. People's Rep.",PRK,..
Adjusted net national income (current US$),NY.ADJ.NNTY.CD,"Korea, Rep.",KOR,1310517923287.68
Adjusted net national income (current US$),NY.ADJ.NNTY.CD,Kosovo,XKX,..
Adjusted net national income (current US$),NY.ADJ.NNTY.CD,Kuwait,KWT,..
Adjusted net national income (current US$),NY.ADJ.NNTY.CD,Kyrgyz Republic,KGZ,5743047836.84217
Adjusted net national income (current US$),NY.ADJ.NNTY.CD,Lao PDR,LAO,14355124696.111
Adjusted net national income (current US$),NY.ADJ.NNTY.CD,Latvia,LVA,26101797792.9905
Adjusted net national income (current US$),NY.ADJ.NNTY.CD,Lebanon,LBN,24480122963.0435
Adjusted net national income (current US$),NY.ADJ.NNTY.CD,Lesotho,LSO,1729599370.95892
Adjusted net national income (current US$),NY.ADJ.NNTY.CD,Liberia,LBR,1610821873.50707
Adjusted net national income (current US$),NY.ADJ.NNTY.CD,Libya,LBY,24217671732.6386
Adjusted net national income (current US$),NY.ADJ.NNTY.CD,Liechtenstein,LIE,..
Adjusted net national income (current US$),NY.ADJ.NNTY.CD,Lithuania,LTU,47586451311.9647
Adjusted net national income (current US$),NY.ADJ.NNTY.CD,Luxembourg,LUX,42847402262.3609
Adjusted net national income (current US$),NY.ADJ.NNTY.CD,"Macao SAR, China",MAC,..
Adjusted net national income (current US$),NY.ADJ.NNTY.CD,Madagascar,MDG,10776840464.3213
Adjusted net national income (current US$),NY.ADJ.NNTY.CD,Malawi,MWI,10739663745.0461
Adjusted net national income (current US$),NY.ADJ.NNTY.CD,Malaysia,MYS,241603052692.831
Adjusted net national income (current US$),NY.ADJ.NNTY.CD,Maldives,MDV,3081527515.81454
Adjusted net national income (current US$),NY.ADJ.NNTY.CD,Mali,MLI,14556365122.3053
Adjusted net national income (current US$),NY.ADJ.NNTY.CD,Malta,MLT,..
Adjusted net national income (current US$),NY.ADJ.NNTY.CD,Marshall Islands,MHL,..
Adjusted net national income (current US$),NY.ADJ.NNTY.CD,Mauritania,MRT,7054571577.75054
Adjusted net national income (current US$),NY.ADJ.NNTY.CD,Mauritius,MUS,10548056949.3298
Adjusted net national income (current US$),NY.ADJ.NNTY.CD,Mexico,MEX,812550207500.194
Adjusted net national income (current US$),NY.ADJ.NNTY.CD,"Micronesia, Fed. Sts.",FSM,424406403.858593
Adjusted net national income (current US$),NY.ADJ.NNTY.CD,Moldova,MDA,10770252209.6962
Adjusted net national income (current US$),NY.ADJ.NNTY.CD,Monaco,MCO,..
Adjusted net national income (current US$),NY.ADJ.NNTY.CD,Mongolia,MNG,9940281199.30596
Adjusted net national income (current US$),NY.ADJ.NNTY.CD,Montenegro,MNE,4328214538.5672
Adjusted net national income (current US$),NY.ADJ.NNTY.CD,Morocco,MAR,100087975184.306
Adjusted net national income (current US$),NY.ADJ.NNTY.CD,Mozambique,MOZ,10316032535.573
Adjusted net national income (current US$),NY.ADJ.NNTY.CD,Myanmar,MMR,70814369837.7854
Adjusted net national income (current US$),NY.ADJ.NNTY.CD,Namibia,NAM,9017413294.79474
Adjusted net national income (current US$),NY.ADJ.NNTY.CD,Nauru,NRU,..
Adjusted net national income (current US$),NY.ADJ.NNTY.CD,Nepal,NPL,31628930108.4768
Adjusted net national income (current US$),NY.ADJ.NNTY.CD,Netherlands,NLD,737706075297.737
Adjusted net national income (current US$),NY.ADJ.NNTY.CD,New Caledonia,NCL,..
Adjusted net national income (current US$),NY.ADJ.NNTY.CD,New Zealand,NZL,171659725857.472
Adjusted net national income (current US$),NY.ADJ.NNTY.CD,Nicaragua,NIC,11047379588.2366
Adjusted net national income (current US$),NY.ADJ.NNTY.CD,Niger,NER,12604378590.8586
Adjusted net national income (current US$),NY.ADJ.NNTY.CD,Nigeria,NGA,356679043482.958
Adjusted net national income (current US$),NY.ADJ.NNTY.CD,North Macedonia,MKD,10059894965.288
Adjusted net national income (current US$),NY.ADJ.NNTY.CD,Northern Mariana Islands,MNP,..
Adjusted net national income (current US$),NY.ADJ.NNTY.CD,Norway,NOR,287878556489.962
Adjusted net national income (current US$),NY.ADJ.NNTY.CD,Oman,OMN,..
Adjusted net national income (current US$),NY.ADJ.NNTY.CD,Pakistan,PAK,242990987003.731
Adjusted net national income (current US$),NY.ADJ.NNTY.CD,Palau,PLW,..
Adjusted net national income (current US$),NY.ADJ.NNTY.CD,Panama,PAN,46938765122.5015
Adjusted net national income (current US$),NY.ADJ.NNTY.CD,Papua New Guinea,PNG,20494258155.0953
Adjusted net national income (current US$),NY.ADJ.NNTY.CD,Paraguay,PRY,31714579700.5681
Adjusted net national income (current US$),NY.ADJ.NNTY.CD,Peru,PER,174746875625.237
Adjusted net national income (current US$),NY.ADJ.NNTY.CD,Philippines,PHL,350884215261.829
Adjusted net national income (current US$),NY.ADJ.NNTY.CD,Poland,POL,504623589789.077
Adjusted net national income (current US$),NY.ADJ.NNTY.CD,Portugal,PRT,179871999196.513
Adjusted net national income (current US$),NY.ADJ.NNTY.CD,Puerto Rico,PRI,..
Adjusted net national income (current US$),NY.ADJ.NNTY.CD,Qatar,QAT,108987987227.824
Adjusted net national income (current US$),NY.ADJ.NNTY.CD,Romania,ROU,206720170499.017
Adjusted net national income (current US$),NY.ADJ.NNTY.CD,Russian Federation,RUS,1189066945243
Adjusted net national income (current US$),NY.ADJ.NNTY.CD,Rwanda,RWA,8385453654.69233
Adjusted net national income (current US$),NY.ADJ.NNTY.CD,Samoa,WSM,693548804.047885
Adjusted net national income (current US$),NY.ADJ.NNTY.CD,San Marino,SMR,..
Adjusted net national income (current US$),NY.ADJ.NNTY.CD,Sao Tome and Principe,STP,357249258.319192
Adjusted net national income (current US$),NY.ADJ.NNTY.CD,Saudi Arabia,SAU,606738575477.272
Adjusted net national income (current US$),NY.ADJ.NNTY.CD,Senegal,SEN,21349526094.6446
Adjusted net national income (current US$),NY.ADJ.NNTY.CD,Serbia,SRB,43533624697.8913
Adjusted net national income (current US$),NY.ADJ.NNTY.CD,Seychelles,SYC,842485930.788323
Adjusted net national income (current US$),NY.ADJ.NNTY.CD,Sierra Leone,SLE,3468701805.01253
Adjusted net national income (current US$),NY.ADJ.NNTY.CD,Singapore,SGP,239081482854.134
Adjusted net national income (current US$),NY.ADJ.NNTY.CD,Sint Maarten (Dutch part),SXM,..
Adjusted net national income (current US$),NY.ADJ.NNTY.CD,Slovak Republic,SVK,85317032520.4468
Adjusted net national income (current US$),NY.ADJ.NNTY.CD,Slovenia,SVN,42601615277.6798
Adjusted net national income (current US$),NY.ADJ.NNTY.CD,Solomon Islands,SLB,1420192076.37266
Adjusted net national income (current US$),NY.ADJ.NNTY.CD,Somalia,SOM,3844987164.31605
Adjusted net national income (current US$),NY.ADJ.NNTY.CD,South Africa,ZAF,273028444471.967
Adjusted net national income (current US$),NY.ADJ.NNTY.CD,South Sudan,SSD,..
Adjusted net national income (current US$),NY.ADJ.NNTY.CD,Spain,ESP,1067853676711.85
Adjusted net national income (current US$),NY.ADJ.NNTY.CD,Sri Lanka,LKA,72659562232.9928
Adjusted net national income (current US$),NY.ADJ.NNTY.CD,St. Kitts and Nevis,KNA,..
Adjusted net national income (current US$),NY.ADJ.NNTY.CD,St. Lucia,LCA,1249935564.68379
Adjusted net national income (current US$),NY.ADJ.NNTY.CD,St. Martin (French part),MAF,..
Adjusted net national income (current US$),NY.ADJ.NNTY.CD,St. Vincent and the Grenadines,VCT,668255322.903766
Adjusted net national income (current US$),NY.ADJ.NNTY.CD,Sudan,SDN,17195834508.9311
Adjusted net national income (current US$),NY.ADJ.NNTY.CD,Suriname,SUR,1821958550.38178
Adjusted net national income (current US$),NY.ADJ.NNTY.CD,Sweden,SWE,461267371624.816
Adjusted net national income (current US$),NY.ADJ.NNTY.CD,Switzerland,CHE,550957262994.701
Adjusted net national income (current US$),NY.ADJ.NNTY.CD,Syrian Arab Republic,SYR,..
Adjusted net national income (current US$),NY.ADJ.NNTY.CD,Tajikistan,TJK,8254682987.94507
Adjusted net national income (current US$),NY.ADJ.NNTY.CD,Tanzania,TZA,54945323213.8823
Adjusted net national income (current US$),NY.ADJ.NNTY.CD,Thailand,THA,398966180681.149
Adjusted net national income (current US$),NY.ADJ.NNTY.CD,Timor-Leste,TLS,2145680463.68379
Adjusted net national income (current US$),NY.ADJ.NNTY.CD,Togo,TGO,6823927577.30365
Adjusted net national income (current US$),NY.ADJ.NNTY.CD,Tonga,TON,484693210.862736
Adjusted net national income (current US$),NY.ADJ.NNTY.CD,Trinidad and Tobago,TTO,18243372179.6327
Adjusted net national income (current US$),NY.ADJ.NNTY.CD,Tunisia,TUN,39684693677.0946
Adjusted net national income (current US$),NY.ADJ.NNTY.CD,Turkiye,TUR,602742402624.23
Adjusted net national income (current US$),NY.ADJ.NNTY.CD,Turkmenistan,TKM,..
Adjusted net national income (current US$),NY.ADJ.NNTY.CD,Turks and Caicos Islands,TCA,..
Adjusted net national income (current US$),NY.ADJ.NNTY.CD,Tuvalu,TUV,..
Adjusted net national income (current US$),NY.ADJ.NNTY.CD,Uganda,UGA,31945866292.0145
Adjusted net national income (current US$),NY.ADJ.NNTY.CD,Ukraine,UKR,138951203014.292
Adjusted net national income (current US$),NY.ADJ.NNTY.CD,United Arab Emirates,ARE,330090237875.06
Adjusted net national income (current US$),NY.ADJ.NNTY.CD,United Kingdom,GBR,..
Adjusted net national income (current US$),NY.ADJ.NNTY.CD,United States,USA,17678627359051.4
Adjusted net national income (current US$),NY.ADJ.NNTY.CD,Uruguay,URY,42479495619.0808
Adjusted net national income (current US$),NY.ADJ.NNTY.CD,Uzbekistan,UZB,47084577404.1401
Adjusted net national income (current US$),NY.ADJ.NNTY.CD,Vanuatu,VUT,882615105.304425
Adjusted net national income (current US$),NY.ADJ.NNTY.CD,"Venezuela, RB",VEN,..
Adjusted net national income (current US$),NY.ADJ.NNTY.CD,Vietnam,VNM,217639160679.304
Adjusted net national income (current US$),NY.ADJ.NNTY.CD,Virgin Islands (U.S.),VIR,..
Adjusted net national income (current US$),NY.ADJ.NNTY.CD,West Bank and Gaza,PSE,..
Adjusted net national income (current US$),NY.ADJ.NNTY.CD,"Yemen, Rep.",YEM,..
Adjusted net national income (current US$),NY.ADJ.NNTY.CD,Zambia,ZMB,13879717841.9114
Adjusted net national income (current US$),NY.ADJ.NNTY.CD,Zimbabwe,ZWE,14641490540.4635
Adjusted net national income (current US$),NY.ADJ.NNTY.CD,Africa Eastern and Southern,AFE,752079244992.859
Adjusted net national income (current US$),NY.ADJ.NNTY.CD,Africa Western and Central,AFW,645514387943.545
Adjusted net national income (current US$),NY.ADJ.NNTY.CD,Arab World,ARB,2121698582330.42
Adjusted net national income (current US$),NY.ADJ.NNTY.CD,Caribbean small states,CSS,54439950152.0745
Adjusted net national income (current US$),NY.ADJ.NNTY.CD,Central Europe and the Baltics,CEB,1354466405513.39
Adjusted net national income (current US$),NY.ADJ.NNTY.CD,Early-demographic dividend,EAR,9085116130821.33
Adjusted net national income (current US$),NY.ADJ.NNTY.CD,East Asia & Pacific,EAS,20431668635302
Adjusted net national income (current US$),NY.ADJ.NNTY.CD,East Asia & Pacific (excluding high income),EAP,12904734199521.4
Adjusted net national income (current US$),NY.ADJ.NNTY.CD,East Asia & Pacific (IDA & IBRD countries),TEA,12888474668976.3
Adjusted net national income (current US$),NY.ADJ.NNTY.CD,Euro area,EMU,10519158482814.8
Adjusted net national income (current US$),NY.ADJ.NNTY.CD,Europe & Central Asia,ECS,17924238645578
Adjusted net national income (current US$),NY.ADJ.NNTY.CD,Europe & Central Asia (excluding high income),ECA,2417033892732.75
Adjusted net national income (current US$),NY.ADJ.NNTY.CD,Europe & Central Asia (IDA & IBRD countries),TEC,3179961854542.47
Adjusted net national income (current US$),NY.ADJ.NNTY.CD,European Union,EUU,12414770325089.4
Adjusted net national income (current US$),NY.ADJ.NNTY.CD,Fragile and conflict affected situations,FCS,1359926609164.17
Adjusted net national income (current US$),NY.ADJ.NNTY.CD,Heavily indebted poor countries (HIPC),HPC,671459349843.929
Adjusted net national income (current US$),NY.ADJ.NNTY.CD,High income,HIC,44084961930213
Adjusted net national income (current US$),NY.ADJ.NNTY.CD,IBRD only,IBD,23260126169518.3
Adjusted net national income (current US$),NY.ADJ.NNTY.CD,IDA & IBRD total,IBT,25235791211464.8
Adjusted net national income (current US$),NY.ADJ.NNTY.CD,IDA blend,IDB,812656243623.542
Adjusted net national income (current US$),NY.ADJ.NNTY.CD,IDA only,IDX,1169903305894.11
Adjusted net national income (current US$),NY.ADJ.NNTY.CD,IDA total,IDA,1977243041077.96
Adjusted net national income (current US$),NY.ADJ.NNTY.CD,Late-demographic dividend,LTE,16876221401188.8
Adjusted net national income (current US$),NY.ADJ.NNTY.CD,Latin America & Caribbean,LCN,3818644616228.06
Adjusted net national income (current US$),NY.ADJ.NNTY.CD,Latin America & Caribbean (excluding high income),LAC,3260429887320.36
Adjusted net national income (current US$),NY.ADJ.NNTY.CD,Latin America & the Caribbean (IDA & IBRD countries),TLA,3677236487891.16
Adjusted net national income (current US$),NY.ADJ.NNTY.CD,Least developed countries: UN classification,LDC,1006006126703.85
Adjusted net national income (current US$),NY.ADJ.NNTY.CD,Low & middle income,LMY,24042499552077.7
Adjusted net national income (current US$),NY.ADJ.NNTY.CD,Low income,LIC,415892910059.592
Adjusted net national income (current US$),NY.ADJ.NNTY.CD,Lower middle income,LMC,6390356007539.71
Adjusted net national income (current US$),NY.ADJ.NNTY.CD,Middle East & North Africa,MEA,2601391767795.06
Adjusted net national income (current US$),NY.ADJ.NNTY.CD,Middle East & North Africa (excluding high income),MNA,1010513480066.54
Adjusted net national income (current US$),NY.ADJ.NNTY.CD,Middle East & North Africa (IDA & IBRD countries),TMN,999631877394.236
Adjusted net national income (current US$),NY.ADJ.NNTY.CD,Middle income,MIC,23638972411507.2
Adjusted net national income (current US$),NY.ADJ.NNTY.CD,North America,NAC,19017192833378.6
Adjusted net national income (current US$),NY.ADJ.NNTY.CD,Not classified,INX,..
Adjusted net national income (current US$),NY.ADJ.NNTY.CD,OECD members,OED,42972240582942.7
Adjusted net national income (current US$),NY.ADJ.NNTY.CD,Other small states,OSS,288376130124.69
Adjusted net national income (current US$),NY.ADJ.NNTY.CD,Pacific island small states,PSS,8551280923.79897
Adjusted net national income (current US$),NY.ADJ.NNTY.CD,Post-demographic dividend,PST,40818777270191.9
Adjusted net national income (current US$),NY.ADJ.NNTY.CD,Pre-demographic dividend,PRE,1051784399547.42
Adjusted net national income (current US$),NY.ADJ.NNTY.CD,Small states,SST,351235153566.852
Adjusted net national income (current US$),NY.ADJ.NNTY.CD,South Asia,SAS,3027649197072.17
Adjusted net national income (current US$),NY.ADJ.NNTY.CD,South Asia (IDA & IBRD),TSA,3027649197072.17
Adjusted net national income (current US$),NY.ADJ.NNTY.CD,Sub-Saharan Africa,SSF,1397537796598.36
Adjusted net national income (current US$),NY.ADJ.NNTY.CD,Sub-Saharan Africa (excluding high income),SSA,1396697488786.68
Adjusted net national income (current US$),NY.ADJ.NNTY.CD,Sub-Saharan Africa (IDA & IBRD countries),TSS,1397537796598.36
Adjusted net national income (current US$),NY.ADJ.NNTY.CD,Upper middle income,UMC,17247737797333.6
Adjusted net national income (current US$),NY.ADJ.NNTY.CD,World,WLD,68370658103415.9
,,,,
,,,,
,,,,
Data from database: World Development Indicators,,,,
Last Updated: 03/30/2023,,,,
Code,License Type,Indicator Name,Long definition,Source,Topic,Periodicity,Aggregation method,Statistical concept and methodology,Development relevance,Limitations and exceptions,License URL
NY.GDP.PCAP.CD,CC BY-4.0,GDP per capita (current US$),GDP per capita is gross domestic product divided by midyear population. GDP is the sum of gross value added by all resident producers in the economy plus any product taxes and minus any subsidies not included in the value of the products. It is calculated without making deductions for depreciation of fabricated assets or for depletion and degradation of natural resources. Data are in current U.S. dollars.,"World Bank national accounts data, and OECD National Accounts data files.",Economic Policy & Debt: National accounts: US$ at current prices: Aggregate indicators,Annual,Weighted Average,"For more information, see the metadata for current U.S. dollar GDP (NY.GDP.MKTP.CD) and total population (SP.POP.TOTL).",,,https://datacatalog.worldbank.org/public-licenses#cc-by
SP.DYN.LE00.IN,CC BY-4.0,"Life expectancy at birth, total (years)",Life expectancy at birth indicates the number of years a newborn infant would live if prevailing patterns of mortality at the time of its birth were to stay the same throughout its life.,"(1) United Nations Population Division. World Population Prospects: 2022 Revision, or derived from male and female life expectancy at birth from sources such as: (2) Census reports and other statistical publications from national statistical offices, (3) Eurostat: Demographic Statistics, (4) United Nations Statistical Division. Population and Vital Statistics Reprot (various years), (5) U.S. Census Bureau: International Database, and (6) Secretariat of the Pacific Community: Statistics and Demography Programme.",Health: Mortality,Annual,Weighted average,"Life expectancy at birth used here is the average number of years a newborn is expected to live if mortality patterns at the time of its birth remain constant in the future. It reflects the overall mortality level of a population, and summarizes the mortality pattern that prevails across all age groups in a given year. It is calculated in a period life table which provides a snapshot of a population's mortality pattern at a given time. It therefore does not reflect the mortality pattern that a person actually experiences during his/her life, which can be calculated in a cohort life table.

High mortality in young age groups significantly lowers the life expectancy at birth. But if a person survives his/her childhood of high mortality, he/she may live much longer. For example, in a population with a life expectancy at birth of 50, there may be few people dying at age 50. The life expectancy at birth may be low due to the high childhood mortality so that once a person survives his/her childhood, he/she may live much longer than 50 years.","Mortality rates for different age groups (infants, children, and adults) and overall mortality indicators (life expectancy at birth or survival to a given age) are important indicators of health status in a country. Because data on the incidence and prevalence of diseases are frequently unavailable, mortality rates are often used to identify vulnerable populations. And they are among the indicators most frequently used to compare socioeconomic development across countries.",Annual data series from United Nations Population Division's World Population Prospects are interpolated data from 5-year period data. Therefore they may not reflect real events as much as observed data.,https://datacatalog.worldbank.org/public-licenses#cc-by
NY.ADJ.NNTY.CD,CC BY-4.0,Adjusted net national income (current US$),Adjusted net national income is GNI minus consumption of fixed capital and natural resources depletion.,World Bank staff estimates based on sources and methods in World Bank's "The Changing Wealth of Nations: Measuring Sustainable Development in the New Millennium" (2011).,Economic Policy & Debt: National accounts: Adjusted savings & income,Annual,Gap-filled total,"Adjusted net national income complements gross national income (GNI) in assessing economic progress (Hamilton and Ley 2010) by providing a broader measure of national income that accounts for the depletion of natural resources.

Adjusted net national income is calculated by subtracting from GNI a charge for the consumption of fixed capital (a calculation that yields net national income) and for the depletion of natural resources. The deduction for the depletion of natural resources, which covers net forest depletion, energy depletion, and mineral depletion, reflects the decline in asset values associated with the extraction and harvesting of natural resources. This is analogous to depreciation of fixed assets.","Adjusted net national income is particularly useful in monitoring low-income, resource-rich economies, like many countries in Sub-Saharan Africa, because such economies often see large natural resources depletion as well as substantial exports of resource rents to foreign mining companies. For recent years adjusted net national income gives a picture of economic growth that is strikingly different from the one provided by GDP.

The key to increasing future consumption and thus the standard of living lies in increasing national wealth - including not only the traditional measures of capital (such as produced and human capital), but also natural capital. Natural capital comprises such assets as land, forests, and subsoil resources. All three types of capital are key to sustaining economic growth. By accounting for the consumption of fixed and natural capital depletion, adjusted net national income better measures the income available for consumption or for investment to increase a country's future consumption.","Adjusted net national income differs from the adjustments made in the calculation of adjusted net savings, by not accounting for investments in human capital or the damages from pollution. Thus, adjusted net national income remains within the boundaries of the United Nations System of National Accounts (SNA).

The SNA includes non-produced natural assets (such as land, mineral resources, and forests) within the asset boundary when they are under the effective control of institutional units. The calculation of adjusted net national income, which accounts for net forest, energy, and mineral depletion, as well as consumption of fixed capital, thus remains within the SNA boundaries. This point is critical because it allows for comparisons across GDP, GNI, and adjusted net national income; such comparisons reveal the impact of natural resource depletion, which is otherwise ignored by the popular economic indicators.",https://datacatalog.worldbank.org/public-licenses#cc-by
